"id","Typ","JAHR","KT","Inst","Adr","Ort","AnzStand","Ops","PersA","PersP","PersMT","BettenStatA","pBettenBelStatA","KostStatA","PLZ","Akt_A","Akt_P","Akt_R","Akt_B","SL_NF","SL_IPS","LA_Amb","LA_Stat","SA_MRI","SA_CT","SA_PET","SA_CC","SA_LB","SA_Lito","SA_Angio","SA_Dia","Typ_de","Typ_fr","Typ_it"
1,"K111",2017,"BS","Universitätsspital Basel","Hebelstrasse 32","Basel",1,24,913.5,1595.22,735.93,633,92.4638057521262,608309757,"4056",1,0,0,0,1,1,1,1,1,1,1,1,1,0,1,1,"Allgemeinspital, Zentrumsversorgung (Niveau 1, Universitätsspital)","Hôpital de soins généraux, prise en charge centralisée (niveau 1, hôpital universitaire)","Ospedali per cure generali, presa a carico centralizzata (livello 1, ospedale universitario)"
2,"K111",2017,"GE","Les Hôpitaux Universitaires de Genève HUG","Rue Gabrielle­Perret­Gentil 4","Genève",5,39,1829.32,4498.96,1070.7,1054.28219178082,85.2892183995863,781838746,"1205",1,1,1,0,1,1,1,1,1,1,1,1,1,1,1,1,"Allgemeinspital, Zentrumsversorgung (Niveau 1, Universitätsspital)","Hôpital de soins généraux, prise en charge centralisée (niveau 1, hôpital universitaire)","Ospedali per cure generali, presa a carico centralizzata (livello 1, ospedale universitario)"
3,"K111",2017,"VD","CHUV Centre Hospitalier Universitaire Vaudois","Rue du Bugnon 21","Lausanne",3,26,1653.73,3400.37,1651.01,929,82.5884365277143,685781930,"1011",1,1,1,0,1,1,1,1,1,1,1,1,1,0,1,1,"Allgemeinspital, Zentrumsversorgung (Niveau 1, Universitätsspital)","Hôpital de soins généraux, prise en charge centralisée (niveau 1, hôpital universitaire)","Ospedali per cure generali, presa a carico centralizzata (livello 1, ospedale universitario)"
4,"K111",2017,"ZH","Universitätsspital Zürich","Rämistrasse 100","Zürich",3,35,1221.75,2574.21,1119.99,953.884931506849,78.680694377427,780601976,"8091",1,1,0,0,1,1,1,1,1,1,1,1,1,1,1,1,"Allgemeinspital, Zentrumsversorgung (Niveau 1, Universitätsspital)","Hôpital de soins généraux, prise en charge centralisée (niveau 1, hôpital universitaire)","Ospedali per cure generali, presa a carico centralizzata (livello 1, ospedale universitario)"
5,"K111",2017,"BE","Insel Gruppe AG (universitär)","Freiburgstrasse 18","Bern",1,37,1355.66,2739.25,963.58,876.298630136986,83.3290083758273,816273918,"3010",1,0,1,0,1,1,1,1,1,1,1,1,1,1,1,1,"Allgemeinspital, Zentrumsversorgung (Niveau 1, Universitätsspital)","Hôpital de soins généraux, prise en charge centralisée (niveau 1, hôpital universitaire)","Ospedali per cure generali, presa a carico centralizzata (livello 1, ospedale universitario)"
6,"K112",2017,"AG","Kantonsspital Aarau AG","Tellstrasse 15","Aarau",1,19,628.81,1467.23,395.58,506.652054794521,84.7719112303167,359755091,"5000",1,0,0,0,1,1,1,1,1,1,1,1,1,1,1,1,"Allgemeinspital, Zentrumsversorgung (Niveau 2)","Hôpital de soins généraux, prise en charge centralisée (niveau 2)","Ospedali per cure generali, presa a carico centralizzata (livello 2)"
7,"K112",2017,"AG","Kantonsspital Baden AG","Im Ergel","Baden",4,10,321.27,783.63,229.67,352,86.3402864259029,202336138,"5404",1,0,0,0,1,1,1,1,1,1,1,1,1,1,1,1,"Allgemeinspital, Zentrumsversorgung (Niveau 2)","Hôpital de soins généraux, prise en charge centralisée (niveau 2)","Ospedali per cure generali, presa a carico centralizzata (livello 2)"
8,"K112",2017,"AG","Hirslanden Klinik Aarau","Schänisweg 1","Aarau",1,7,13.09,346.52,98.4,151.512328767123,87.7744023724278,124406532,"5000",1,0,0,0,1,1,1,1,1,1,0,0,1,0,1,1,"Allgemeinspital, Zentrumsversorgung (Niveau 2)","Hôpital de soins généraux, prise en charge centralisée (niveau 2)","Ospedali per cure generali, presa a carico centralizzata (livello 2)"
9,"K112",2017,"VD","Hôpital Riviera-Chablais Vaud-Valais","Avenue de Belmont 25","Montreux",6,17,235.22,820.55,158.12,329,79.2147229046092,175801626,"1820",1,0,1,0,1,1,1,1,1,1,0,1,1,0,0,1,"Allgemeinspital, Zentrumsversorgung (Niveau 2)","Hôpital de soins généraux, prise en charge centralisée (niveau 2)","Ospedali per cure generali, presa a carico centralizzata (livello 2)"
10,"K112",2017,"VD","Etablissements Hospitaliers du Nord Vaudois (eHnv)","Rue d'Entremonts 11","Yverdon­les­Bains",5,11,153.08,663.2,94.55,226.917808219178,70.9169936613341,103348701,"1400",1,1,1,0,1,1,1,1,1,1,0,0,0,0,0,1,"Allgemeinspital, Zentrumsversorgung (Niveau 2)","Hôpital de soins généraux, prise en charge centralisée (niveau 2)","Ospedali per cure generali, presa a carico centralizzata (livello 2)"
11,"K112",2017,"VD","EHC Ensemble hospitalier de la Côte","Chemin du Crêt 2","Morges",3,6,117.37,448.79,73.28,158.605479452055,81.9419253424539,83815783,"1110",1,0,1,0,1,1,1,1,1,1,0,0,0,0,0,1,"Allgemeinspital, Zentrumsversorgung (Niveau 2)","Hôpital de soins généraux, prise en charge centralisée (niveau 2)","Ospedali per cure generali, presa a carico centralizzata (livello 2)"
12,"K112",2017,"SH","Spitäler Schaffhausen","Geissbergstrasse 81","Schaffhausen",3,5,145.49,465.92,177.37,158.106849315069,83.222720892755,83966335,"8208",1,1,1,0,1,1,1,1,0,1,0,1,0,1,1,1,"Allgemeinspital, Zentrumsversorgung (Niveau 2)","Hôpital de soins généraux, prise en charge centralisée (niveau 2)","Ospedali per cure generali, presa a carico centralizzata (livello 2)"
13,"K112",2017,"ZH","See-Spital","Asylstrasse 19","Horgen",2,8,88.83,326.59,93.86,213.090410958904,65.8438118748232,110246926,"8810",1,0,0,0,1,1,1,1,0,1,0,0,0,0,0,1,"Allgemeinspital, Zentrumsversorgung (Niveau 2)","Hôpital de soins généraux, prise en charge centralisée (niveau 2)","Ospedali per cure generali, presa a carico centralizzata (livello 2)"
14,"K112",2017,"SO","Solothurner Spitäler AG","Schöngrünstrasse 36a","Solothurn",5,23,457.63,1230.63,394.74,460,87.9898749255509,290004128,"4500",1,1,1,0,1,1,1,1,1,1,1,1,0,1,1,1,"Allgemeinspital, Zentrumsversorgung (Niveau 2)","Hôpital de soins généraux, prise en charge centralisée (niveau 2)","Ospedali per cure generali, presa a carico centralizzata (livello 2)"
15,"K112",2017,"ZH","GZO Spital Wetzikon","Spitalstrasse 66","Wetzikon ZH",1,4,109.1,317.64,60.99,160,75.3407534246575,94146528,"8620",1,0,0,0,1,1,1,1,1,1,0,1,0,1,1,1,"Allgemeinspital, Zentrumsversorgung (Niveau 2)","Hôpital de soins généraux, prise en charge centralisée (niveau 2)","Ospedali per cure generali, presa a carico centralizzata (livello 2)"
16,"K112",2017,"FR","HFR - Hôpital fribourgeois","Case postale","Fribourg",5,18,488.25,1100.43,278.21,410.021917808219,89.7867137072525,234232811,"1708",1,0,1,0,1,1,1,1,1,1,1,1,1,0,1,1,"Allgemeinspital, Zentrumsversorgung (Niveau 2)","Hôpital de soins généraux, prise en charge centralisée (niveau 2)","Ospedali per cure generali, presa a carico centralizzata (livello 2)"
17,"K112",2017,"BL","Kantonsspital Baselland","Mühlemattstrasse 26","Liestal",3,14,394.1,1075.72,430.05,467.087671232877,78.7843061347786,281606676,"4410",1,0,1,0,1,1,1,1,1,1,1,1,0,1,1,1,"Allgemeinspital, Zentrumsversorgung (Niveau 2)","Hôpital de soins généraux, prise en charge centralisée (niveau 2)","Ospedali per cure generali, presa a carico centralizzata (livello 2)"
18,"K112",2017,"LU","Luzerner Kantonsspital","Spitalstrasse","Luzern",3,44,908.9,2338.01,655.23,741.468493150685,79.2400124151998,485719810,"6004",1,0,1,0,1,1,1,1,1,1,1,1,1,1,1,1,"Allgemeinspital, Zentrumsversorgung (Niveau 2)","Hôpital de soins généraux, prise en charge centralisée (niveau 2)","Ospedali per cure generali, presa a carico centralizzata (livello 2)"
19,"K112",2017,"LU","Hirslanden Klinik St. Anna AG","St. Anna­Strasse 32","Luzern",2,8,69.4,443.44,134.55,196,85.9784735812133,127707614,"6006",1,0,0,0,1,1,1,1,1,1,1,1,0,0,1,1,"Allgemeinspital, Zentrumsversorgung (Niveau 2)","Hôpital de soins généraux, prise en charge centralisée (niveau 2)","Ospedali per cure generali, presa a carico centralizzata (livello 2)"
20,"K112",2017,"TI","EOC Ente ospedaliero cantonale","Viale Officina 3","Bellinzona",9,23,690.79,1754,454.88,871,80.7939229039209,408237400,"6500",1,0,1,0,1,1,1,1,1,1,1,1,1,1,1,1,"Allgemeinspital, Zentrumsversorgung (Niveau 2)","Hôpital de soins généraux, prise en charge centralisée (niveau 2)","Ospedali per cure generali, presa a carico centralizzata (livello 2)"
21,"K112",2017,"TG","Spital Thurgau AG Kantonsspitäler Frauenfeld & Münsterlingen","Waldeggstrasse 8a","Frauenfeld",2,18,381.77,1007.94,375.57,505,86.3274108232741,265237512,"8501",1,0,0,0,1,1,1,1,1,1,1,1,1,1,1,1,"Allgemeinspital, Zentrumsversorgung (Niveau 2)","Hôpital de soins généraux, prise en charge centralisée (niveau 2)","Ospedali per cure generali, presa a carico centralizzata (livello 2)"
22,"K112",2017,"ZH","Klinik Hirslanden AG","Witellikerstrasse 40","Zürich",2,14,107.45,817.53,139.91,331.249315068493,91.3486510181463,387521131,"8008",1,0,0,0,1,1,1,1,1,1,1,1,1,0,1,1,"Allgemeinspital, Zentrumsversorgung (Niveau 2)","Hôpital de soins généraux, prise en charge centralisée (niveau 2)","Ospedali per cure generali, presa a carico centralizzata (livello 2)"
23,"K112",2017,"GR","Kantonsspital Graubünden","Loestrasse 170","Chur",1,12,308.97,675.1,241.13,309,85.1620339584165,208870109,"7000",1,0,0,0,1,1,1,1,1,1,1,1,1,1,1,1,"Allgemeinspital, Zentrumsversorgung (Niveau 2)","Hôpital de soins généraux, prise en charge centralisée (niveau 2)","Ospedali per cure generali, presa a carico centralizzata (livello 2)"
24,"K112",2017,"SG","Spitalregion Rheintal Werdenberg Sarganserland","Alte Landstrasse 106","Rebstein",4,8,201.6,507.29,158.08,294.156164383562,72.3080648616428,144533921,"9445",1,0,0,0,1,1,1,1,1,1,0,0,0,0,1,1,"Allgemeinspital, Zentrumsversorgung (Niveau 2)","Hôpital de soins généraux, prise en charge centralisée (niveau 2)","Ospedali per cure generali, presa a carico centralizzata (livello 2)"
25,"K112",2017,"BE","Lindenhof AG","Bremgartenstrasse 117","Bern",5,20,76.08,886.46,190.44,374.334246575342,86.5309737104046,310820291,"3012",1,1,0,0,1,1,1,1,1,1,0,1,1,1,1,1,"Allgemeinspital, Zentrumsversorgung (Niveau 2)","Hôpital de soins généraux, prise en charge centralisée (niveau 2)","Ospedali per cure generali, presa a carico centralizzata (livello 2)"
26,"K112",2017,"BE","Insel Gruppe AG (nicht-universitär)","Freiburgstrasse 18","Bern",5,12,204.03,600.25,203.3,266.282191780822,72.3261963310115,142191649,"3010",1,0,1,0,1,1,1,1,1,1,0,0,0,0,1,1,"Allgemeinspital, Zentrumsversorgung (Niveau 2)","Hôpital de soins généraux, prise en charge centralisée (niveau 2)","Ospedali per cure generali, presa a carico centralizzata (livello 2)"
27,"K112",2017,"BE","Hirslanden Bern AG","Schänzlihalde 11","Bern",5,16,86.78,585.85,138.02,310.767123287671,75.3134091510182,216537377,"3013",1,0,0,0,1,1,1,1,1,1,0,0,0,0,1,1,"Allgemeinspital, Zentrumsversorgung (Niveau 2)","Hôpital de soins généraux, prise en charge centralisée (niveau 2)","Ospedali per cure generali, presa a carico centralizzata (livello 2)"
28,"K112",2017,"NE","Hôpital Neuchâtelois HNE","Maladière 45","Neuchâtel",6,9,270.68,808.34,184.01,293.679452054795,81.2347821219669,172376285,"2000",1,0,1,0,1,1,1,1,1,1,1,1,1,0,1,0,"Allgemeinspital, Zentrumsversorgung (Niveau 2)","Hôpital de soins généraux, prise en charge centralisée (niveau 2)","Ospedali per cure generali, presa a carico centralizzata (livello 2)"
29,"K112",2017,"BE","Spitalzentrum Biel AG","Vogelsang 84","Biel",1,6,175.56,470.18,104.86,231,91.9255174049695,122451189,"2502",1,0,1,0,1,1,1,1,1,1,0,0,0,1,1,1,"Allgemeinspital, Zentrumsversorgung (Niveau 2)","Hôpital de soins généraux, prise en charge centralisée (niveau 2)","Ospedali per cure generali, presa a carico centralizzata (livello 2)"
30,"K112",2017,"BE","Regionalspital Emmental AG","Oberburgstrasse 54","Burgdorf",2,6,140.19,378.7,133.35,147.493150684931,87.5935729543977,85849755,"3400",1,1,0,0,1,1,1,1,1,1,0,0,0,0,1,1,"Allgemeinspital, Zentrumsversorgung (Niveau 2)","Hôpital de soins généraux, prise en charge centralisée (niveau 2)","Ospedali per cure generali, presa a carico centralizzata (livello 2)"
31,"K112",2017,"BE","Spitäler Frutigen Meiringen Interlaken AG","Weissenaustrasse 27","Unterseen",2,7,116.11,290.28,199.25,124,99.3172779496244,93027896,"3800",1,1,0,0,1,1,1,1,1,1,0,0,0,0,1,1,"Allgemeinspital, Zentrumsversorgung (Niveau 2)","Hôpital de soins généraux, prise en charge centralisée (niveau 2)","Ospedali per cure generali, presa a carico centralizzata (livello 2)"
32,"K112",2017,"ZH","Stadtspital Waid","Tièchestrasse 99","Zürich",1,5,160.99,493.1,119.93,255,71.0491539081386,114966622,"8037",1,0,0,0,1,1,1,1,1,1,0,1,0,0,1,1,"Allgemeinspital, Zentrumsversorgung (Niveau 2)","Hôpital de soins généraux, prise en charge centralisée (niveau 2)","Ospedali per cure generali, presa a carico centralizzata (livello 2)"
33,"K112",2017,"ZH","Kantonsspital Winterthur","Brauerstrasse 15","Winterthur",1,15,466.62,1278.09,339.34,444.698630136986,83.2843544958876,306608160,"8400",1,1,0,0,1,1,1,1,1,1,1,1,1,1,1,1,"Allgemeinspital, Zentrumsversorgung (Niveau 2)","Hôpital de soins généraux, prise en charge centralisée (niveau 2)","Ospedali per cure generali, presa a carico centralizzata (livello 2)"
34,"K112",2017,"VS","Spital Wallis - Spitalzentrum Oberwallis (SZO)","Pflanzettastrasse 8","Visp",3,7,140.41,405.34,89.07,182.249315068493,85.4316681950061,84117329,"3930",1,1,1,0,1,1,1,1,1,1,0,0,0,1,0,1,"Allgemeinspital, Zentrumsversorgung (Niveau 2)","Hôpital de soins généraux, prise en charge centralisée (niveau 2)","Ospedali per cure generali, presa a carico centralizzata (livello 2)"
35,"K112",2017,"ZH","Spital Zollikerberg","Trichtenhauserstrasse 20","Zollikerberg",2,7,124.61,384.93,73.22,174,78.4616595811683,103424273,"8125",1,0,0,0,1,1,1,1,1,1,0,0,0,0,1,1,"Allgemeinspital, Zentrumsversorgung (Niveau 2)","Hôpital de soins généraux, prise en charge centralisée (niveau 2)","Ospedali per cure generali, presa a carico centralizzata (livello 2)"
36,"K112",2017,"BS","St. Claraspital","Kleinriehenstrasse 30","Basel",1,7,135.58,353.19,102.86,229,78.7437937428965,130115180,"4058",1,0,0,0,1,1,1,1,1,1,1,1,1,0,0,0,"Allgemeinspital, Zentrumsversorgung (Niveau 2)","Hôpital de soins généraux, prise en charge centralisée (niveau 2)","Ospedali per cure generali, presa a carico centralizzata (livello 2)"
37,"K112",2017,"ZH","Spital Uster","Brunnenstrasse 42","Uster",1,5,141.49,463.49,94.56,208,78.9646996838778,107318675,"8610",1,0,0,0,1,1,1,1,0,1,0,0,0,0,0,1,"Allgemeinspital, Zentrumsversorgung (Niveau 2)","Hôpital de soins généraux, prise en charge centralisée (niveau 2)","Ospedali per cure generali, presa a carico centralizzata (livello 2)"
38,"K112",2017,"ZH","Spital Limmattal","Urdorferstrasse 100","Schlieren",1,6,163.19,379.69,148.69,188.586301369863,79.6089141993782,99386732,"8952",1,0,0,0,1,1,1,1,1,1,0,0,0,1,1,0,"Allgemeinspital, Zentrumsversorgung (Niveau 2)","Hôpital de soins généraux, prise en charge centralisée (niveau 2)","Ospedali per cure generali, presa a carico centralizzata (livello 2)"
39,"K112",2017,"ZH","Stadtspital Triemli","Birmensdorferstrasse 497","Zürich",1,11,416.7,975.6,233.88,390,89.6536705303829,307914269,"8063",1,0,0,0,1,1,1,1,1,1,0,1,1,0,1,0,"Allgemeinspital, Zentrumsversorgung (Niveau 2)","Hôpital de soins généraux, prise en charge centralisée (niveau 2)","Ospedali per cure generali, presa a carico centralizzata (livello 2)"
40,"K112",2017,"VS","Hôpital du Valais - Centre hospitalier du centre du Valais (CHCVs)","Avenue du Grand­Champsec 80","Sion",6,12,371.02,1089.01,220.6,435,85.7238230199968,225604489,"1950",1,1,1,0,1,1,1,1,1,1,1,1,1,1,1,1,"Allgemeinspital, Zentrumsversorgung (Niveau 2)","Hôpital de soins généraux, prise en charge centralisée (niveau 2)","Ospedali per cure generali, presa a carico centralizzata (livello 2)"
41,"K112",2017,"BE","Spital STS AG","Krankenhausstrasse 12","Thun",4,8,215.92,612.52,187.37,261,82.2631606571144,157959681,"3600",1,1,0,0,1,1,1,1,1,1,0,0,0,0,1,1,"Allgemeinspital, Zentrumsversorgung (Niveau 2)","Hôpital de soins généraux, prise en charge centralisée (niveau 2)","Ospedali per cure generali, presa a carico centralizzata (livello 2)"
42,"K112",2017,"SG","Kantonsspital St. Gallen","Rorschacher Strasse 95","St. Gallen",3,30,812.41,1746.25,539.41,783,75.6451302507042,491193445,"9007",1,0,0,0,1,1,1,1,1,1,1,1,1,1,1,1,"Allgemeinspital, Zentrumsversorgung (Niveau 2)","Hôpital de soins généraux, prise en charge centralisée (niveau 2)","Ospedali per cure generali, presa a carico centralizzata (livello 2)"
43,"K112",2017,"ZG","Zuger Kantonsspital AG","Landhausstrasse 11","Baar",1,5,132.77,355.55,120.65,166.454794520548,76.4056224899598,91569561,"6340",1,0,0,0,1,1,1,1,1,1,0,0,0,0,1,1,"Allgemeinspital, Zentrumsversorgung (Niveau 2)","Hôpital de soins généraux, prise en charge centralisée (niveau 2)","Ospedali per cure generali, presa a carico centralizzata (livello 2)"
44,"K112",2017,"ZH","Spital Bülach AG","Spitalstrasse 24","Bülach",1,5,133.87,408.56,86.22,162.013698630137,84.3730447281644,92061569,"8180",1,0,0,0,1,1,1,1,0,1,0,0,0,0,0,0,"Allgemeinspital, Zentrumsversorgung (Niveau 2)","Hôpital de soins généraux, prise en charge centralisée (niveau 2)","Ospedali per cure generali, presa a carico centralizzata (livello 2)"
45,"K121",2017,"BE","SRO Spital Region Oberaargau AG","St. Urbanstrasse 67","Langenthal",4,6,124.45,322.3,107.2,153.419178082192,77.6742026500946,73625459,"4900",1,1,0,0,1,1,1,1,1,1,0,0,0,0,0,1,"Allgemeinspital, Grundversorgung (Niveau 3)","Hôpital de soins généraux, soins de base (niveau 3)","Ospedali per cure generali, cure di base (livello 3)"
46,"K121",2017,"GE","Clinique Générale-Beaulieu","Chemin de Beau­Soleil 20","Genève",1,7,0.24,202.5,29.54,128,49.4755993150685,66347280,"1206",1,0,0,0,0,0,1,1,1,1,0,0,0,1,1,0,"Allgemeinspital, Grundversorgung (Niveau 3)","Hôpital de soins généraux, soins de base (niveau 3)","Ospedali per cure generali, cure di base (livello 3)"
47,"K121",2017,"GE","Hôpital de la Tour","Avenue Jacob­Daniel Maillard 3","Meyrin",1,6,48.5,339.4,77.27,133,69.8897929755897,86039024,"1217",1,0,0,0,1,1,1,1,1,1,0,0,0,0,1,1,"Allgemeinspital, Grundversorgung (Niveau 3)","Hôpital de soins généraux, soins de base (niveau 3)","Ospedali per cure generali, cure di base (livello 3)"
48,"K121",2017,"VD","Hirslanden Lausanne SA","Avenue d'Ouchy 31","Lausanne",2,11,10.17,332.25,107.07,154,69.6192848247643,112162840,"1006",1,0,0,0,1,0,1,1,1,1,0,1,1,1,1,1,"Allgemeinspital, Grundversorgung (Niveau 3)","Hôpital de soins généraux, soins de base (niveau 3)","Ospedali per cure generali, cure di base (livello 3)"
49,"K121",2017,"SG","Spital Linth","Gasterstrasse 25","Uznach",1,4,76.55,152.74,48.82,95.4575342465753,74.9526433614603,49709285,"8730",1,0,0,0,1,0,1,1,1,1,0,0,0,1,1,1,"Allgemeinspital, Grundversorgung (Niveau 3)","Hôpital de soins généraux, soins de base (niveau 3)","Ospedali per cure generali, cure di base (livello 3)"
50,"K121",2017,"JU","Hôpital du Jura","Chemin de l'Hôpital 9a","Porrentruy",4,5,107.27,616.94,169.44,145,83.954652810581,70369393,"2900",1,1,1,0,1,1,1,1,1,1,0,0,0,0,0,1,"Allgemeinspital, Grundversorgung (Niveau 3)","Hôpital de soins généraux, soins de base (niveau 3)","Ospedali per cure generali, cure di base (livello 3)"
51,"K121",2017,"SZ","Spital Schwyz","Waldeggstrasse 10","Schwyz",1,4,53.36,247.95,32.81,93,86.1894240683459,56403351,"6430",1,0,1,0,1,1,1,1,0,0,0,0,0,0,1,1,"Allgemeinspital, Grundversorgung (Niveau 3)","Hôpital de soins généraux, soins de base (niveau 3)","Ospedali per cure generali, cure di base (livello 3)"
52,"K121",2017,"OW","Kantonsspital Obwalden","Brünigstrasse 181","Sarnen",1,3,48.51,134.5,65.41,53,78.9454639441716,33710347,"6060",1,0,0,0,1,0,1,1,1,1,0,0,0,0,1,0,"Allgemeinspital, Grundversorgung (Niveau 3)","Hôpital de soins généraux, soins de base (niveau 3)","Ospedali per cure generali, cure di base (livello 3)"
53,"K121",2017,"AR","Spitalverbund Appenzell Ausserrhoden, Akutsomatisches Spital Heiden/Herisau","Krombach 3","Herisau",2,5,83.41,252.5,97.7,105,81.9778212654925,56758707,"9101",1,0,0,0,1,0,1,1,0,1,0,0,0,0,1,1,"Allgemeinspital, Grundversorgung (Niveau 3)","Hôpital de soins généraux, soins de base (niveau 3)","Ospedali per cure generali, cure di base (livello 3)"
54,"K121",2017,"VD","Groupement Hospitalier de l'Ouest Lémanique (GHOL) SA","Chemin Monastier 10","Nyon",2,5,102.95,287.62,45.74,126,74.8075668623614,64346813,"1260",1,0,1,0,1,1,1,1,1,1,0,0,0,0,0,1,"Allgemeinspital, Grundversorgung (Niveau 3)","Hôpital de soins généraux, soins de base (niveau 3)","Ospedali per cure generali, cure di base (livello 3)"
55,"K121",2017,"AG","Kreisspital für das Freiamt","Spitalstrasse 144","Muri AG",1,4,89.52,257.01,92.7,112,79.4447162426615,70620156,"5630",1,0,0,0,1,1,1,1,1,1,0,0,0,0,0,1,"Allgemeinspital, Grundversorgung (Niveau 3)","Hôpital de soins généraux, soins de base (niveau 3)","Ospedali per cure generali, cure di base (livello 3)"
56,"K121",2017,"SG","Spitalregion Fürstenland Toggenburg","Fürstenlandstrasse 32","Wil SG",2,5,89.45,261.13,113.89,120,77.9931506849315,65689122,"9500",1,1,0,0,1,0,1,1,1,1,0,0,0,0,0,0,"Allgemeinspital, Grundversorgung (Niveau 3)","Hôpital de soins généraux, soins de base (niveau 3)","Ospedali per cure generali, cure di base (livello 3)"
57,"K121",2017,"ZH","Klinik Im Park","Seestrasse 220","Zürich",3,8,26,266.97,53.33,128,64.8416095890411,109078914,"8002",1,0,0,0,0,1,1,1,1,1,0,0,0,0,1,1,"Allgemeinspital, Grundversorgung (Niveau 3)","Hôpital de soins généraux, soins de base (niveau 3)","Ospedali per cure generali, cure di base (livello 3)"
58,"K121",2017,"AG","Gesundheitszentrum Fricktal","Riburgerstrasse 12","Rheinfelden",3,5,88.98,295.98,80.75,131.243835616438,75.3340013360053,73064396,"4310",1,0,0,0,1,0,1,1,1,1,0,0,0,0,0,0,"Allgemeinspital, Grundversorgung (Niveau 3)","Hôpital de soins généraux, soins de base (niveau 3)","Ospedali per cure generali, cure di base (livello 3)"
59,"K121",2017,"ZH","Spital Männedorf AG","Asylstrasse 10","Männedorf",1,4,94.9,336.96,78.75,125.419178082192,86.3995805845603,87327351,"8708",1,0,0,0,1,1,1,1,0,1,0,0,0,0,0,0,"Allgemeinspital, Grundversorgung (Niveau 3)","Hôpital de soins généraux, soins de base (niveau 3)","Ospedali per cure generali, cure di base (livello 3)"
60,"K122",2017,"SZ","Spital Lachen","Oberdorfstrasse 41","Lachen SZ",1,4,84.37,201.34,79.62,123,56.0374206481791,58663499,"8853",1,0,0,0,1,1,1,1,1,1,0,0,0,0,1,1,"Allgemeinspital, Grundversorgung (Niveau 4)","Hôpital de soins généraux, soins de base (niveau 4)","Ospedali per cure generali, cure di base (livello 4)"
61,"K122",2017,"TI","Clinica Luganese Moncucco SA Sede Moncucco","Via Moncucco 10","Lugano",1,5,51.7,234.58,50.65,105,100.135681669928,55166402,"6900",1,0,0,0,1,1,1,1,1,1,0,0,1,0,1,0,"Allgemeinspital, Grundversorgung (Niveau 4)","Hôpital de soins généraux, soins de base (niveau 4)","Ospedali per cure generali, cure di base (livello 4)"
62,"K122",2017,"SZ","Spital Einsiedeln","Spitalstrasse 28","Einsiedeln",1,3,15.32,121.35,39.22,58,75.15824279641,36259009,"8840",1,0,1,0,1,0,1,1,0,1,0,0,0,0,0,0,"Allgemeinspital, Grundversorgung (Niveau 4)","Hôpital de soins généraux, soins de base (niveau 4)","Ospedali per cure generali, cure di base (livello 4)"
63,"K122",2017,"ZG","Andreas Klinik","Rigistrasse 1","Cham",1,4,2.17,109.16,18.65,56,89.2123287671233,41487831,"6330",1,0,0,0,1,0,1,1,0,0,0,0,0,0,0,0,"Allgemeinspital, Grundversorgung (Niveau 4)","Hôpital de soins généraux, soins de base (niveau 4)","Ospedali per cure generali, cure di base (livello 4)"
64,"K122",2017,"GR","Spital Oberengadin","Via Nouva 3","Samedan",1,3,45.34,86.77,26.1,35,88.1017612524462,24063728,"7503",1,0,0,0,1,1,1,1,1,1,0,0,0,0,0,0,"Allgemeinspital, Grundversorgung (Niveau 4)","Hôpital de soins généraux, soins de base (niveau 4)","Ospedali per cure generali, cure di base (livello 4)"
65,"K122",2017,"AG","Spital Zofingen AG","Mühlethalstrasse 27","Zofingen",1,4,69.89,246.29,85.79,100,73.0821917808219,42083826,"4800",1,0,0,0,1,1,1,1,1,1,0,0,0,0,0,0,"Allgemeinspital, Grundversorgung (Niveau 4)","Hôpital de soins généraux, soins de base (niveau 4)","Ospedali per cure generali, cure di base (livello 4)"
66,"K122",2017,"BS","Bethesda Spital AG","Gellertstrasse 144","Basel",1,6,50.98,206.82,94.63,91.9890410958904,72.6381939480581,55427418,"4052",1,0,1,0,0,0,1,1,1,1,0,0,0,0,0,1,"Allgemeinspital, Grundversorgung (Niveau 4)","Hôpital de soins généraux, soins de base (niveau 4)","Ospedali per cure generali, cure di base (livello 4)"
67,"K122",2017,"ZH","Spital Affoltern","Sonnenbergstrasse 27","Affoltern am Albis",1,2,47.23,171.39,41,80,72.8047945205479,35811605,"8910",1,1,0,0,1,0,1,1,0,1,0,0,0,0,0,0,"Allgemeinspital, Grundversorgung (Niveau 4)","Hôpital de soins généraux, soins de base (niveau 4)","Ospedali per cure generali, cure di base (livello 4)"
68,"K122",2017,"VD","Hôpital Intercantonal de la Broye (HIB)","Avenue de la Colline 3","Payerne",2,4,87.32,270.89,66.34,105,87.4964122635355,48733505,"1530",1,0,1,0,1,1,1,1,1,1,0,0,0,0,0,1,"Allgemeinspital, Grundversorgung (Niveau 4)","Hôpital de soins généraux, soins de base (niveau 4)","Ospedali per cure generali, cure di base (livello 4)"
69,"K122",2017,"VD","Clinique de La Source","Avenue Vinet 30","Lausanne",1,7,0.25,215.33,69.84,98.3780821917808,75.4427982622257,65642159,"1004",1,0,0,0,0,0,1,1,1,1,1,1,0,0,1,0,"Allgemeinspital, Grundversorgung (Niveau 4)","Hôpital de soins généraux, soins de base (niveau 4)","Ospedali per cure generali, cure di base (livello 4)"
70,"K122",2017,"TI","Clinica Santa Chiara SA","Via Stefano Franscini 4","Locarno",1,4,24.98,104.64,16.02,100,38.6986301369863,25913186,"6600",1,0,0,0,1,0,1,1,1,1,0,0,0,0,0,0,"Allgemeinspital, Grundversorgung (Niveau 4)","Hôpital de soins généraux, soins de base (niveau 4)","Ospedali per cure generali, cure di base (livello 4)"
71,"K122",2017,"FR","Hôpital Jules Daler","Route de Bertigny 34","Fribourg",1,5,0,148.96,8.43,58.4109589041096,81.0225140712946,45224400,"1700",1,0,0,0,0,0,1,1,0,0,0,0,0,1,0,0,"Allgemeinspital, Grundversorgung (Niveau 4)","Hôpital de soins généraux, soins de base (niveau 4)","Ospedali per cure generali, cure di base (livello 4)"
72,"K122",2017,"GE","Clinique des Grangettes SA","Chemin des Grangettes 7","Chêne­Bougeries",1,,,,,,,,"1224",1,0,0,0,0,0,1,1,0,0,0,0,0,0,0,0,"Allgemeinspital, Grundversorgung (Niveau 4)","Hôpital de soins généraux, soins de base (niveau 4)","Ospedali per cure generali, cure di base (livello 4)"
73,"K122",2017,"BE","Hôpital du Jura bernois SA","Les Fontenayes 17","St­Imier",2,4,57,150.74,74.98,108,71.6032470826991,39494781,"2610",1,0,1,0,1,0,1,1,1,1,0,0,0,0,0,1,"Allgemeinspital, Grundversorgung (Niveau 4)","Hôpital de soins généraux, soins de base (niveau 4)","Ospedali per cure generali, cure di base (livello 4)"
74,"K122",2017,"BE","Privatklinik Linde AG","Blumenrain 105","Biel",1,7,10.43,158.06,53.64,78.1452054794521,80.535006836588,61178773,"2503",1,0,0,0,1,0,1,1,1,1,0,1,0,0,1,0,"Allgemeinspital, Grundversorgung (Niveau 4)","Hôpital de soins généraux, soins de base (niveau 4)","Ospedali per cure generali, cure di base (livello 4)"
75,"K122",2017,"UR","Kantonsspital Uri","Spitalstrasse 1","Altdorf UR",1,3,46.4,209.46,63.26,61,86.3687401751628,38668846,"6460",1,0,0,0,1,1,1,1,1,1,0,0,0,0,1,1,"Allgemeinspital, Grundversorgung (Niveau 4)","Hôpital de soins généraux, soins de base (niveau 4)","Ospedali per cure generali, cure di base (livello 4)"
76,"K122",2017,"AG","Asana Gruppe AG Spital Menziken","Spitalstrasse 1","Menziken",1,3,21.07,123.04,37.33,39,91.3171759747102,23310505,"5737",1,0,0,0,1,0,1,1,0,0,0,0,0,0,0,0,"Allgemeinspital, Grundversorgung (Niveau 4)","Hôpital de soins généraux, soins de base (niveau 4)","Ospedali per cure generali, cure di base (livello 4)"
77,"K122",2017,"TI","GSMN Ticino SA - S. Anna","Via Sant'Anna 1","Sorengo",1,5,9,89.75,8.6,80,41.6780821917808,30880254,"6924",1,0,0,0,1,0,1,1,1,1,0,0,0,0,0,0,"Allgemeinspital, Grundversorgung (Niveau 4)","Hôpital de soins généraux, soins de base (niveau 4)","Ospedali per cure generali, cure di base (livello 4)"
78,"K122",2017,"TI","Cardiocentro Ticino (CCT)","Via Tesserete 48","Lugano",1,3,57.78,134.47,12.38,30,105.525114155251,62912843,"6900",1,0,1,0,0,1,1,1,1,1,0,0,0,0,1,0,"Allgemeinspital, Grundversorgung (Niveau 4)","Hôpital de soins généraux, soins de base (niveau 4)","Ospedali per cure generali, cure di base (livello 4)"
79,"K122",2017,"GR","Regionalspital Surselva AG","Spitalstrasse 6","Ilanz",1,2,24.85,78.37,30.49,35.0328767123288,80.2142801282553,22461612,"7130",1,0,0,0,1,0,1,1,1,1,0,0,0,0,0,0,"Allgemeinspital, Grundversorgung (Niveau 4)","Hôpital de soins généraux, soins de base (niveau 4)","Ospedali per cure generali, cure di base (livello 4)"
80,"K122",2017,"NW","Kantonsspital Nidwalden","Ennetmooserstrasse 19","Stans",1,4,66.77,152.38,101.6,70.0301369863014,85.9825515433669,46024383,"6370",1,0,0,0,1,1,1,1,1,1,0,0,0,0,0,0,"Allgemeinspital, Grundversorgung (Niveau 4)","Hôpital de soins généraux, soins de base (niveau 4)","Ospedali per cure generali, cure di base (livello 4)"
81,"K122",2017,"GR","Spital Davos AG Akutabteilung","Promenade 4","Davos Platz",1,3,30.69,116.91,42.99,49.0246575342466,42.019671398234,22735238,"7270",1,0,0,0,1,0,1,1,0,1,0,0,0,0,0,1,"Allgemeinspital, Grundversorgung (Niveau 4)","Hôpital de soins généraux, soins de base (niveau 4)","Ospedali per cure generali, cure di base (livello 4)"
82,"K122",2017,"SG","Hirslanden Klinik Stephanshorn","Brauerstrasse 95","St. Gallen",1,5,34.24,169.23,54.24,98.0821917808219,92.5558659217877,74873669,"9016",1,0,0,0,1,1,1,1,1,1,0,0,0,0,1,0,"Allgemeinspital, Grundversorgung (Niveau 4)","Hôpital de soins généraux, soins de base (niveau 4)","Ospedali per cure generali, cure di base (livello 4)"
83,"K122",2017,"GL","Kantonsspital Glarus","Burgstrasse 99","Glarus",2,4,74.68,174.38,69.27,94.1452054794521,76.5503593981899,49995672,"8750",1,1,0,0,1,1,1,1,1,1,0,0,0,0,1,1,"Allgemeinspital, Grundversorgung (Niveau 4)","Hôpital de soins généraux, soins de base (niveau 4)","Ospedali per cure generali, cure di base (livello 4)"
84,"K122",2017,"GR","Flury Stiftung Spital Schiers",,"Schiers",1,3,25.46,69.44,23.4,33,86.6500622665006,21031896,"7220",1,0,0,0,1,0,1,1,1,1,0,0,0,0,1,0,"Allgemeinspital, Grundversorgung (Niveau 4)","Hôpital de soins généraux, soins de base (niveau 4)","Ospedali per cure generali, cure di base (livello 4)"
85,"K122",2017,"ZH","Privatklinik Bethanien AG","Toblerstrasse 51","Zürich",1,5,0,84.49,24.76,96,46.4611872146119,54653998,"8044",1,0,0,0,0,0,1,1,0,0,0,0,0,0,0,0,"Allgemeinspital, Grundversorgung (Niveau 4)","Hôpital de soins généraux, soins de base (niveau 4)","Ospedali per cure generali, cure di base (livello 4)"
86,"K122",2017,"AG","Asana Gruppe AG Spital Leuggern","Kommendeweg","Leuggern",1,2,20.32,101.38,23.98,37.6438356164384,95.1965065502183,26998102,"5316",1,0,0,0,1,0,1,1,0,0,0,0,0,0,0,0,"Allgemeinspital, Grundversorgung (Niveau 4)","Hôpital de soins généraux, soins de base (niveau 4)","Ospedali per cure generali, cure di base (livello 4)"
87,"K123",2017,"VD","Clinique de Genolier","Route du Muids 3","Genolier",1,4,18.57,148.01,53.96,112,35.1590019569472,48414481,"1272",1,0,0,0,0,0,1,1,1,1,1,1,0,0,1,0,"Allgemeinspital, Grundversorgung (Niveau 5)","Hôpital de soins généraux, soins de base (niveau 5)","Ospedali per cure generali, cure di base (livello 5)"
88,"K123",2017,"TI","Clinica fondazione G. Varini","Via Consiglio Mezzano 38","Orselina",1,0,3.34,45.53,5.54,48,75.5593607305936,7348039,"6644",1,0,0,0,0,0,1,1,0,0,0,0,0,0,0,0,"Allgemeinspital, Grundversorgung (Niveau 5)","Hôpital de soins généraux, soins de base (niveau 5)","Ospedali per cure generali, cure di base (livello 5)"
89,"K123",2017,"BL","Klinik Arlesheim AG","Pfeffingerweg 1","Arlesheim",2,0,52.72,102.3,61.44,33,84.8733914487339,12476808,"4144",1,1,1,0,0,0,1,1,0,0,0,0,0,0,0,0,"Allgemeinspital, Grundversorgung (Niveau 5)","Hôpital de soins généraux, soins de base (niveau 5)","Ospedali per cure generali, cure di base (livello 5)"
90,"K123",2017,"ZH","Paracelsus-Spital Richterswil AG","Bergstrasse 16","Richterswil",1,2,21.49,63.52,16.09,30.241095890411,91.7104547925349,18101601,"8805",1,0,0,0,1,0,1,1,0,1,0,0,0,0,0,0,"Allgemeinspital, Grundversorgung (Niveau 5)","Hôpital de soins généraux, soins de base (niveau 5)","Ospedali per cure generali, cure di base (livello 5)"
91,"K123",2017,"GR","Centro Sanitario Valposchiavo Ospedale San Sisto","Via da l'Uspedal 1000","Poschiavo",1,1,3.65,37.35,9.17,13,86.3645943097998,4842647,"7742",1,0,0,0,1,0,1,1,0,0,0,0,0,0,0,0,"Allgemeinspital, Grundversorgung (Niveau 5)","Hôpital de soins généraux, soins de base (niveau 5)","Ospedali per cure generali, cure di base (livello 5)"
92,"K123",2017,"SO","Privatklinik Obach AG","Leopoldstrasse 5","Solothurn",1,3,0,45.96,14.93,41.9178082191781,47.9542483660131,22858822,"4500",1,0,0,0,0,0,1,1,0,0,0,0,0,0,0,0,"Allgemeinspital, Grundversorgung (Niveau 5)","Hôpital de soins généraux, soins de base (niveau 5)","Ospedali per cure generali, cure di base (livello 5)"
93,"K123",2017,"GR","Center da Sanda Val Müstair Akutabteilung","Sielva","Sta. Maria V. M.",1,0,5.83,5.18,7.19,3,87.8538812785388,1498464,"7536",1,0,0,0,1,0,1,1,0,0,0,0,0,0,0,0,"Allgemeinspital, Grundversorgung (Niveau 5)","Hôpital de soins généraux, soins de base (niveau 5)","Ospedali per cure generali, cure di base (livello 5)"
94,"K123",2017,"AI","Kantonales Spital Appenzell","Sonnhalde 2","Appenzell",1,2,5.87,24.56,23.11,18,73.2572298325723,8335688,"9050",1,0,0,0,1,0,1,1,0,0,0,0,0,0,0,0,"Allgemeinspital, Grundversorgung (Niveau 5)","Hôpital de soins généraux, soins de base (niveau 5)","Ospedali per cure generali, cure di base (livello 5)"
95,"K123",2017,"GR","Centro Sanitario Bregaglia Reparto Acuto","Flin","Promontogno",1,0,0.8,31.54,3.63,2,37.3972602739726,576761,"7606",1,0,0,0,1,0,1,1,0,0,0,0,0,0,0,0,"Allgemeinspital, Grundversorgung (Niveau 5)","Hôpital de soins généraux, soins de base (niveau 5)","Ospedali per cure generali, cure di base (livello 5)"
96,"K123",2017,"BE","Stiftung Diaconis Palliative Care","Schänzlistrasse 15","Bern",1,0,2.94,25.45,0.74,18,78.2800608828006,5312701,"3013",1,0,0,0,0,0,0,1,0,0,0,0,0,0,0,0,"Allgemeinspital, Grundversorgung (Niveau 5)","Hôpital de soins généraux, soins de base (niveau 5)","Ospedali per cure generali, cure di base (livello 5)"
97,"K123",2017,"GR","Spital Thusis","Alte Strasse 31","Thusis",1,2,20.57,58.42,21.73,22,85.8904109589041,14028938,"7430",1,0,0,0,1,0,1,1,0,1,0,0,0,0,0,0,"Allgemeinspital, Grundversorgung (Niveau 5)","Hôpital de soins généraux, soins de base (niveau 5)","Ospedali per cure generali, cure di base (livello 5)"
98,"K123",2017,"VD","Hôpital du Pays d'Enhaut","Route de l'Hôpital 17","Château­d'Oex",1,1,10.34,46.82,30.19,10.2849315068493,57.6718167288226,5629554,"1660",1,0,1,0,1,0,1,1,0,0,0,0,0,0,0,1,"Allgemeinspital, Grundversorgung (Niveau 5)","Hôpital de soins généraux, soins de base (niveau 5)","Ospedali per cure generali, cure di base (livello 5)"
99,"K123",2017,"GR","Center da Sanda Engiadina Bassa Ospidal d'Engiadina Bassa","Via da l'Ospidal 280","Scuol",1,2,20.88,27.35,23.31,22,68.6301369863014,11572594,"7550",1,0,1,0,1,0,1,1,0,1,0,0,0,0,0,0,"Allgemeinspital, Grundversorgung (Niveau 5)","Hôpital de soins généraux, soins de base (niveau 5)","Ospedali per cure generali, cure di base (livello 5)"
100,"K123",2017,"TI","Clinica Luganese Moncucco SA Sede San Rocco","Via Moncucco 10","Lugano",1,0,6.49,59.99,7.1,80,75.8972602739726,21438538,"6900",1,0,0,0,0,0,1,1,0,0,0,0,0,0,0,0,"Allgemeinspital, Grundversorgung (Niveau 5)","Hôpital de soins généraux, soins de base (niveau 5)","Ospedali per cure generali, cure di base (livello 5)"
101,"K123",2017,"VD","Réseau Santé Balcon du Jura.vd (RSBJ)","Rue des Rosiers 29","Ste­Croix",2,1,13.47,75.15,9.76,18,79.3911719939117,7421009,"1450",1,0,1,0,1,0,1,1,0,0,0,0,0,0,0,0,"Allgemeinspital, Grundversorgung (Niveau 5)","Hôpital de soins généraux, soins de base (niveau 5)","Ospedali per cure generali, cure di base (livello 5)"
102,"K123",2017,"GR","Center da Sanadad Savognin SA","Stradung 52","Savognin",1,1,7.9,10.44,13.43,7,52.6810176125245,3636296,"7460",1,0,0,0,1,0,1,1,0,1,0,0,0,0,0,0,"Allgemeinspital, Grundversorgung (Niveau 5)","Hôpital de soins généraux, soins de base (niveau 5)","Ospedali per cure generali, cure di base (livello 5)"
103,"K211",2017,"LU","Luzerner Psychiatrie","Schafmattstrasse 1","St. Urban",23,0,90.82,342.56,129.3,,,,"4915",0,1,0,0,1,0,1,1,0,0,0,0,0,0,0,0,"Psychiatrische Klinik (Niveau 1)","Clinique psychiatrique (niveau 1)","Cliniche psichiatriche (livello 1)"
104,"K211",2017,"ZG","Psychiatrische Klinik Zugersee","Widenstrasse 55","Oberwil bei Zug",1,0,24.59,108.6,25.15,,,,"6317",0,1,0,0,1,0,1,1,0,0,0,0,0,0,0,0,"Psychiatrische Klinik (Niveau 1)","Clinique psychiatrique (niveau 1)","Cliniche psichiatriche (livello 1)"
105,"K211",2017,"BL","Psychiatrie Baselland","Bienentalstrasse 7","Liestal",12,0,72.36,214.35,91.72,,,,"4410",0,1,0,0,1,0,1,1,0,0,0,0,0,0,0,0,"Psychiatrische Klinik (Niveau 1)","Clinique psychiatrique (niveau 1)","Cliniche psichiatriche (livello 1)"
106,"K211",2017,"BS","Universitäre Psychiatrische Kliniken Basel","Wilhelm­Klein­Strasse 27","Basel",9,0,103.58,331.4,190.16,,,,"4056",0,1,0,0,1,0,1,1,0,0,0,0,0,0,0,0,"Psychiatrische Klinik (Niveau 1)","Clinique psychiatrique (niveau 1)","Cliniche psichiatriche (livello 1)"
107,"K211",2017,"BE","PZM Psychiatriezentrum Münsingen","Hunzigenallee 1","Münsingen",1,0,51.26,209.64,61.24,,,,"3110",0,1,0,0,1,0,1,1,0,0,0,0,0,0,0,0,"Psychiatrische Klinik (Niveau 1)","Clinique psychiatrique (niveau 1)","Cliniche psichiatriche (livello 1)"
108,"K211",2017,"BE","Privatklinik Reichenbach bei Meiringen AG","Willigen","Meiringen",3,0,30.03,136.52,43.28,,,,"3860",0,1,0,0,1,0,1,1,0,0,0,0,0,0,0,0,"Psychiatrische Klinik (Niveau 1)","Clinique psychiatrique (niveau 1)","Cliniche psichiatriche (livello 1)"
109,"K211",2017,"TG","Spital Thurgau AG Psychiatrische Klinik Münsterlingen","Seeblickstrasse 3","Münsterlingen",1,0,66.94,227.37,45.38,,,,"8596",0,1,0,0,0,0,1,1,0,0,0,0,0,0,0,0,"Psychiatrische Klinik (Niveau 1)","Clinique psychiatrique (niveau 1)","Cliniche psichiatriche (livello 1)"
110,"K211",2017,"ZH","Sanatorium Kilchberg","Alte Landstrasse 70","Kilchberg ZH",1,0,47.68,153.35,47.91,,,,"8802",0,1,0,0,0,0,1,1,0,0,0,0,0,0,0,0,"Psychiatrische Klinik (Niveau 1)","Clinique psychiatrique (niveau 1)","Cliniche psichiatriche (livello 1)"
111,"K211",2017,"SG","Psychiatrie-Dienste Süd",,"Pfäfers",5,0,52.02,160.71,52.27,,,,"7312",0,1,0,0,0,0,1,1,0,0,0,0,0,0,0,0,"Psychiatrische Klinik (Niveau 1)","Clinique psychiatrique (niveau 1)","Cliniche psichiatriche (livello 1)"
112,"K211",2017,"TI","Clinica psichiatrica cantonale","Via Agostino Maspoli","Mendrisio",1,0,17.43,121.77,11.14,,,,"6850",0,1,0,0,0,0,1,1,0,0,0,0,0,0,0,0,"Psychiatrische Klinik (Niveau 1)","Clinique psychiatrique (niveau 1)","Cliniche psichiatriche (livello 1)"
113,"K211",2017,"TG","Clienia Littenheid AG Klinik für Psychiatrie und Psychotherapie",,"Littenheid",1,0,56.21,212.68,66.92,,,,"9573",0,1,0,0,0,0,1,1,0,0,0,0,0,0,0,0,"Psychiatrische Klinik (Niveau 1)","Clinique psychiatrique (niveau 1)","Cliniche psichiatriche (livello 1)"
114,"K211",2017,"NE","CNP Centre Neuchâtelois de psychiatrie",,"Boudry",8,0,68.94,193.97,66.41,,,,"2017",0,1,1,0,1,0,1,1,0,0,0,0,0,0,0,0,"Psychiatrische Klinik (Niveau 1)","Clinique psychiatrique (niveau 1)","Cliniche psichiatriche (livello 1)"
115,"K211",2017,"FR","Réseau fribourgeois de santé mentale - RFSM Centre de soins hospitaliers",,"Marsens",1,0,74.8,175.53,45.04,,,,"1633",0,1,0,0,1,0,1,1,0,0,0,0,0,0,0,0,"Psychiatrische Klinik (Niveau 1)","Clinique psychiatrique (niveau 1)","Cliniche psichiatriche (livello 1)"
116,"K211",2017,"ZH","Psychiatrische Universitätsklinik Zürich","Lenggstrasse 31","Zürich",20,0,205.45,726.1,237.12,,,,"8032",0,1,0,0,0,0,1,1,0,0,0,0,0,0,0,0,"Psychiatrische Klinik (Niveau 1)","Clinique psychiatrique (niveau 1)","Cliniche psichiatriche (livello 1)"
117,"K211",2017,"AG","Psychiatrische Dienste Aargau AG","Zürcherstrasse 241","Windisch",12,0,108.35,376.72,185.53,,,,"5210",0,1,0,0,1,0,1,1,0,0,0,0,0,0,0,0,"Psychiatrische Klinik (Niveau 1)","Clinique psychiatrique (niveau 1)","Cliniche psichiatriche (livello 1)"
118,"K211",2017,"ZH","Integrierte Psychiatrie Winterthur IPW","Wieshofstrasse 102","Winterthur",14,0,85.48,312.48,107.11,,,,"8408",0,1,0,0,0,0,1,1,0,0,0,0,0,0,0,0,"Psychiatrische Klinik (Niveau 1)","Clinique psychiatrique (niveau 1)","Cliniche psichiatriche (livello 1)"
119,"K211",2017,"ZH","Clienia Schlössli AG","Schlösslistrasse 8","Oetwil am See",5,0,76.52,244.1,79.62,,,,"8618",0,1,0,0,1,0,1,1,0,0,0,0,0,0,0,0,"Psychiatrische Klinik (Niveau 1)","Clinique psychiatrique (niveau 1)","Cliniche psichiatriche (livello 1)"
120,"K211",2017,"SG","Psychiatrie St.Gallen Nord","Zürcherstrasse 30","Wil SG",4,0,62.54,267.51,63.88,,,,"9500",0,1,0,0,0,0,1,1,0,0,0,0,0,0,0,0,"Psychiatrische Klinik (Niveau 1)","Clinique psychiatrique (niveau 1)","Cliniche psichiatriche (livello 1)"
121,"K211",2017,"VS","Hôpital du Valais - Centre hospitalier du Chablais (CHC)","Route de Morgins 10","Monthey",2,0,73.45,232.95,35.17,14,86.3405088062622,3214664,"1870",1,1,1,0,0,0,1,1,0,0,0,0,0,0,0,0,"Psychiatrische Klinik (Niveau 1)","Clinique psychiatrique (niveau 1)","Cliniche psichiatriche (livello 1)"
122,"K211",2017,"BE","Universitäre Psychiatrische Dienste Bern (UPD) AG","Bolligenstrasse 111","Ostermundigen",17,0,161.17,301.21,427.28,,,,"3072",0,1,0,0,1,0,1,1,0,0,0,0,0,0,0,0,"Psychiatrische Klinik (Niveau 1)","Clinique psychiatrique (niveau 1)","Cliniche psichiatriche (livello 1)"
123,"K211",2017,"GR","Psychiatrische Dienste Graubünden","Loestrasse 220","Chur",6,0,52.65,235.3,59.4,,,,"7000",0,1,0,0,1,0,1,1,0,0,0,0,0,0,0,0,"Psychiatrische Klinik (Niveau 1)","Clinique psychiatrique (niveau 1)","Cliniche psichiatriche (livello 1)"
124,"K212",2017,"SG","Klinik Sonnenhof Kinder- & Jugendpsychiatrisches Zentrum","Sonnenhofstrasse 15","Ganterschwil",1,0,4.66,61.51,9.87,,,,"9608",0,1,0,0,0,0,1,1,0,0,0,0,0,0,0,0,"Psychiatrische Klinik (Niveau 2)","Clinique psychiatrique (niveau 2)","Cliniche psichiatriche (livello 2)"
125,"K212",2017,"AR","Spitalverbund Appenzell Ausserrhoden, Psychiatrisches Zentrum","Krombach 3","Herisau",1,0,20.19,88.95,20.62,,,,"9100",0,1,0,0,0,0,1,1,0,0,0,0,0,0,0,0,"Psychiatrische Klinik (Niveau 2)","Clinique psychiatrique (niveau 2)","Cliniche psichiatriche (livello 2)"
126,"K212",2017,"ZH","Modellstation SOMOSA","Zum Park 20","Winterthur",1,0,0.99,5.06,24.11,,,,"8404",0,1,0,0,0,0,1,1,0,0,0,0,0,0,0,0,"Psychiatrische Klinik (Niveau 2)","Clinique psychiatrique (niveau 2)","Cliniche psichiatriche (livello 2)"
127,"K212",2017,"BE","Klinik Wysshölzli Marie Sollberger-Stiftung","Waldrandweg 19","Herzogenbuchsee",1,0,1.8,8.09,8.51,,,,"3360",0,1,0,0,0,0,1,1,0,0,0,0,0,0,0,0,"Psychiatrische Klinik (Niveau 2)","Clinique psychiatrique (niveau 2)","Cliniche psichiatriche (livello 2)"
128,"K212",2017,"ZH","Suchtbehandlung Frankental Entzug & Intervention","Frankentalerstrasse 55","Zürich",1,0,1.55,10.37,0.91,,,,"8049",0,1,0,0,0,0,1,1,0,0,0,0,0,0,0,0,"Psychiatrische Klinik (Niveau 2)","Clinique psychiatrique (niveau 2)","Cliniche psichiatriche (livello 2)"
129,"K212",2017,"AG","Klinik Im Hasel AG","Hasel 837","Gontenschwil",2,0,4.65,11.52,24.16,,,,"5728",0,1,0,0,0,0,1,1,0,0,0,0,0,0,0,0,"Psychiatrische Klinik (Niveau 2)","Clinique psychiatrique (niveau 2)","Cliniche psichiatriche (livello 2)"
130,"K212",2017,"GR","Clinica Holistica Engiadina SA","Praz","Susch",1,0,4.21,0,19.82,,,,"7542",0,1,0,0,0,0,1,1,0,0,0,0,0,0,0,0,"Psychiatrische Klinik (Niveau 2)","Clinique psychiatrique (niveau 2)","Cliniche psichiatriche (livello 2)"
131,"K212",2017,"AG","Klinik für Suchttherapie Drogenentzug / Übergang / Krisenintervention","Zürcherstrasse 52","Neuenhof",3,0,2.3,6.95,32.9,,,,"5432",0,1,0,0,0,0,0,1,0,0,0,0,0,0,0,0,"Psychiatrische Klinik (Niveau 2)","Clinique psychiatrique (niveau 2)","Cliniche psichiatriche (livello 2)"
132,"K212",2017,"ZH","Privatklinik Hohenegg AG","Hohenegg 1","Meilen",2,0,15.42,38.15,11.53,,,,"8706",0,1,0,0,0,0,1,1,0,0,0,0,0,0,0,0,"Psychiatrische Klinik (Niveau 2)","Clinique psychiatrique (niveau 2)","Cliniche psichiatriche (livello 2)"
133,"K212",2017,"VD","Clinique la Métairie SA","Avenue de Bois­Bougy 8","Nyon",1,0,6.33,46.34,12.76,,,,"1260",0,1,0,0,0,0,1,1,0,0,0,0,0,0,0,0,"Psychiatrische Klinik (Niveau 2)","Clinique psychiatrique (niveau 2)","Cliniche psichiatriche (livello 2)"
134,"K212",2017,"AG","Schützen Rheinfelden AG Klinik & Ambulatorium","Bahnhofstrasse 19","Rheinfelden",3,0,25.1,62.34,48.18,,,,"4310",0,1,0,0,0,0,1,1,0,0,0,0,0,0,0,0,"Psychiatrische Klinik (Niveau 2)","Clinique psychiatrique (niveau 2)","Cliniche psichiatriche (livello 2)"
135,"K212",2017,"TI","Ospedale Malcantonese Fondazione Giuseppe Rossi",,"Castelrotto",1,0,9.12,37.18,5.9,30,55.9543378995434,3632365,"6980",1,1,0,0,1,0,1,1,0,0,0,0,0,0,0,0,"Psychiatrische Klinik (Niveau 2)","Clinique psychiatrique (niveau 2)","Cliniche psichiatriche (livello 2)"
136,"K212",2017,"SZ","Seeklinik Brunnen AG","Gersauerstrasse 8","Brunnen",1,0,11.4,20.43,21.47,0,,0,"6440",1,1,0,0,0,0,1,1,0,0,0,0,0,0,0,0,"Psychiatrische Klinik (Niveau 2)","Clinique psychiatrique (niveau 2)","Cliniche psichiatriche (livello 2)"
137,"K212",2017,"ZH","Forel Klinik AG","Islikonerstrasse 5","Ellikon an der Thur",3,0,12.93,17.79,34.41,,,,"8548",0,1,0,0,0,0,1,1,0,0,0,0,0,0,0,0,"Psychiatrische Klinik (Niveau 2)","Clinique psychiatrique (niveau 2)","Cliniche psichiatriche (livello 2)"
138,"K212",2017,"BS","Klinik Sonnenhalde","Gänshaldenweg 22","Riehen",3,0,20.81,49.11,19.06,,,,"4125",0,1,0,0,0,0,1,1,0,0,0,0,0,0,0,0,"Psychiatrische Klinik (Niveau 2)","Clinique psychiatrique (niveau 2)","Cliniche psichiatriche (livello 2)"
139,"K212",2017,"LU","Therapiezentrum Meggen","Rütliweg 1","Meggen",1,0,0.88,4.18,6.2,,,,"6045",0,1,0,0,0,0,1,1,0,0,0,0,0,0,0,0,"Psychiatrische Klinik (Niveau 2)","Clinique psychiatrique (niveau 2)","Cliniche psichiatriche (livello 2)"
140,"K212",2017,"BE","Privatklinik Wyss AG","Fellenbergstrasse 32","Münchenbuchsee",3,0,16.65,62.43,27.3,,,,"3053",0,1,0,0,0,0,1,1,0,0,0,0,0,0,0,0,"Psychiatrische Klinik (Niveau 2)","Clinique psychiatrique (niveau 2)","Cliniche psichiatriche (livello 2)"
141,"K212",2017,"BE","Stiftung Klinik Selhofen","Emmentalstrasse 8","Burgdorf",3,0,0,12.35,8.61,,,,"3400",0,1,0,0,0,0,1,1,0,0,0,0,0,0,0,0,"Psychiatrische Klinik (Niveau 2)","Clinique psychiatrique (niveau 2)","Cliniche psichiatriche (livello 2)"
142,"K212",2017,"TG","Klinik Aadorf AG Klinische Psychotherapie","Fohrenbergstrasse 23","Aadorf",1,0,4.7,17.26,22.87,,,,"8355",0,1,0,0,0,0,1,1,0,0,0,0,0,0,0,0,"Psychiatrische Klinik (Niveau 2)","Clinique psychiatrique (niveau 2)","Cliniche psichiatriche (livello 2)"
143,"K212",2017,"TI","Clinica Santa Croce SA","Via al Parco 27","Orselina",1,0,11.19,48.91,8.13,,,,"6644",0,1,0,0,0,0,1,1,0,0,0,0,0,0,0,0,"Psychiatrische Klinik (Niveau 2)","Clinique psychiatrique (niveau 2)","Cliniche psichiatriche (livello 2)"
144,"K212",2017,"TI","Clinica Viarnetto SA","Via Ceresio 34b","Pregassona",1,0,8.09,25.07,3.8,,,,"6963",0,1,0,0,0,0,0,1,0,0,0,0,0,0,0,0,"Psychiatrische Klinik (Niveau 2)","Clinique psychiatrique (niveau 2)","Cliniche psichiatriche (livello 2)"
145,"K212",2017,"GE","Clinique Belmont","Route de Chêne 26","Genève",1,0,1.7,12.58,8.71,,,,"1207",0,1,0,0,0,0,1,1,0,0,0,0,0,0,0,0,"Psychiatrische Klinik (Niveau 2)","Clinique psychiatrique (niveau 2)","Cliniche psichiatriche (livello 2)"
146,"K212",2017,"ZG","Klinik Meissenberg AG","Meisenbergstrasse 17","Zug",1,0,14.33,42.84,17.86,,,,"6300",0,1,0,0,1,0,1,1,0,0,0,0,0,0,0,0,"Psychiatrische Klinik (Niveau 2)","Clinique psychiatrique (niveau 2)","Cliniche psichiatriche (livello 2)"
147,"K212",2017,"VD","Secteur Psychiatrique Est Fondation de Nant","Route de Nant","Corsier­sur­Vevey",15,0,67.62,130.98,45.21,,,,"1804",0,1,1,0,1,0,1,1,0,0,0,0,0,0,0,0,"Psychiatrische Klinik (Niveau 2)","Clinique psychiatrique (niveau 2)","Cliniche psichiatriche (livello 2)"
148,"K212",2017,"BE","Stiftung für ganzheitliche Medizin","Weissensteinstrasse 30","Langenthal",2,0,8.45,26.94,21.86,,,,"4900",0,1,1,0,0,0,1,1,0,0,0,0,0,0,0,0,"Psychiatrische Klinik (Niveau 2)","Clinique psychiatrique (niveau 2)","Cliniche psichiatriche (livello 2)"
149,"K212",2017,"BE","Services Psychiatriques Jura Bernois - Bienne-Seeland (SPJBB)","L'Abbaye 2","Bellelay",7,0,22.97,113.64,29.64,,,,"2713",0,1,0,0,1,0,1,1,0,0,0,0,0,0,0,0,"Psychiatrische Klinik (Niveau 2)","Clinique psychiatrique (niveau 2)","Cliniche psichiatriche (livello 2)"
150,"K212",2017,"GR","Kinder- & Jugendpsychiatrie Graubünden, Jugendstation Chur","Waisenhausstrasse 1","Chur",1,0,6.37,3.9,16.29,,,,"7000",0,1,0,0,0,0,1,1,0,0,0,0,0,0,0,0,"Psychiatrische Klinik (Niveau 2)","Clinique psychiatrique (niveau 2)","Cliniche psichiatriche (livello 2)"
151,"K212",2017,"BE","Stiftung südhang Klinik für Suchttherapien","Südhang 1","Kirchlindach",4,0,12.17,12.68,29.5,,,,"3038",0,1,0,0,0,0,1,1,0,0,0,0,0,0,0,0,"Psychiatrische Klinik (Niveau 2)","Clinique psychiatrique (niveau 2)","Cliniche psichiatriche (livello 2)"
152,"K212",2017,"BL","Klinik ESTA","Gstadstrasse 42","Reinach BL",2,0,0.07,10.79,4.25,,,,"4153",0,1,0,0,0,0,1,1,0,0,0,0,0,0,0,0,"Psychiatrische Klinik (Niveau 2)","Clinique psychiatrique (niveau 2)","Cliniche psichiatriche (livello 2)"
153,"K212",2017,"BE","Soteria Bern","Bühlstrasse 19","Bern",4,0,1.6,6.04,9.39,,,,"3012",0,1,0,0,0,0,1,1,0,0,0,0,0,0,0,0,"Psychiatrische Klinik (Niveau 2)","Clinique psychiatrique (niveau 2)","Cliniche psichiatriche (livello 2)"
154,"K221",2017,"GE","Clinique de Maisonneuve SA","Avenue de Châtelaine 60­62","Châtelaine",1,0,0,23.65,0,,,,"1219",0,0,1,0,0,0,0,1,0,0,0,0,0,0,0,0,"Rehabilitationsklinik","Clinique de réadaptation","Cliniche di riabilitazione"
155,"K221",2017,"TG","Tertianum AG Klinik Tertianum Neutal","Seestrasse 101","Berlingen",1,0,3.07,21.82,1.05,,,,"8267",0,0,1,0,0,0,0,1,0,0,0,0,0,0,0,0,"Rehabilitationsklinik","Clinique de réadaptation","Cliniche di riabilitazione"
156,"K221",2017,"GE","Clinique Les Hauts d'Anières","Chemin des Courbes 9","Anières",1,0,0.93,18.72,2.94,,,,"1247",0,0,1,0,0,0,0,1,0,0,0,0,0,0,0,0,"Rehabilitationsklinik","Clinique de réadaptation","Cliniche di riabilitazione"
157,"K221",2017,"SG","Kliniken Valens","Taminaplatz 1","Valens",3,0,42.62,203.76,97.16,,,,"7317",0,0,1,0,0,0,1,1,0,0,0,0,0,0,0,0,"Rehabilitationsklinik","Clinique de réadaptation","Cliniche di riabilitazione"
158,"K221",2017,"AG","aarReha Schinznach Rehabilitation, Rheumatologie","Badstrasse 55","Schinznach Bad",1,0,16.44,57.73,36.9,,,,"5116",0,0,1,0,0,0,1,1,0,0,0,0,0,0,0,0,"Rehabilitationsklinik","Clinique de réadaptation","Cliniche di riabilitazione"
159,"K221",2017,"AG","Privatklinik SALINA Salina Medizin AG","Roberstenstrasse 31","Rheinfelden",6,0,8.07,26.73,45.46,,,,"4310",0,0,1,0,0,0,1,1,0,0,0,0,0,0,0,0,"Rehabilitationsklinik","Clinique de réadaptation","Cliniche di riabilitazione"
160,"K221",2017,"TG","Klinik Schloss Mammern AG","Dr. A. O. Fleisch­Strasse 3","Mammern",1,0,7.15,76.14,44.17,,,,"8265",0,0,1,0,0,0,1,1,0,1,0,0,0,0,0,0,"Rehabilitationsklinik","Clinique de réadaptation","Cliniche di riabilitazione"
161,"K221",2017,"BE","Reha-Pflegeklinik Eden AG","Schulhausweg 11","Ringgenberg BE",1,0,0,2.44,0,,,,"3852",0,0,1,0,0,0,0,1,0,0,0,0,0,0,0,0,"Rehabilitationsklinik","Clinique de réadaptation","Cliniche di riabilitazione"
162,"K221",2017,"TG","kneipp-hof Dussnang AG Rehabilitationsklinik","Kurhausstrasse 34","Dussnang",1,0,6.42,35.56,25.05,,,,"8374",0,0,1,0,0,0,1,1,0,0,0,0,0,0,0,0,"Rehabilitationsklinik","Clinique de réadaptation","Cliniche di riabilitazione"
163,"K221",2017,"TG","Spital Thurgau AG Klinik St. Katharinental","St. Katharinental","Diessenhofen",1,0,12.33,43.88,25.39,,,,"8253",0,0,1,0,0,0,1,1,0,0,0,0,0,0,0,0,"Rehabilitationsklinik","Clinique de réadaptation","Cliniche di riabilitazione"
164,"K221",2017,"AR","Rheinburg-Klinik AG","Dorf","Walzenhausen",1,0,7.77,45.69,36.65,,,,"9428",0,0,1,0,0,0,1,1,0,0,0,0,0,0,0,0,"Rehabilitationsklinik","Clinique de réadaptation","Cliniche di riabilitazione"
165,"K221",2017,"ZH","RehaClinic Zollikerberg","Trichtenhauserstrasse 20","Zollikerberg",1,0,1.45,16.95,14.25,,,,"8125",0,0,1,0,0,0,1,1,0,0,0,0,0,0,0,0,"Rehabilitationsklinik","Clinique de réadaptation","Cliniche di riabilitazione"
166,"K221",2017,"JU","Clinique le Noirmont","Chemin de Roc­Montès 20","Le Noirmont",1,0,12.94,42.46,18.47,,,,"2340",0,0,1,0,0,0,1,1,0,0,0,0,0,0,0,0,"Rehabilitationsklinik","Clinique de réadaptation","Cliniche di riabilitazione"
167,"K221",2017,"SG","Oberwaid AG Kurhotel & Privatklinik","Rorschacher Strasse 311","St. Gallen",1,0,8.17,11.11,21.48,,,,"9016",0,0,1,0,0,0,1,1,0,0,0,0,0,0,0,0,"Rehabilitationsklinik","Clinique de réadaptation","Cliniche di riabilitazione"
168,"K221",2017,"AG","RehaClinic Baden","Bäderstrasse 16","Baden",1,0,12.01,16.36,11.67,,,,"5401",0,0,1,0,0,0,1,1,0,0,0,0,0,0,0,0,"Rehabilitationsklinik","Clinique de réadaptation","Cliniche di riabilitazione"
169,"K221",2017,"AG","Reha Rheinfelden","Salinenstrasse 98","Rheinfelden",1,0,22,134.99,134.49,,,,"4310",0,0,1,0,0,0,1,1,0,0,0,0,0,0,0,0,"Rehabilitationsklinik","Clinique de réadaptation","Cliniche di riabilitazione"
170,"K221",2017,"BS","Reha Chrischona","Hohe Strasse 30","Bettingen",1,0,9.47,53.25,17.95,,,,"4126",0,0,1,0,0,0,1,1,0,0,0,0,0,0,0,0,"Rehabilitationsklinik","Clinique de réadaptation","Cliniche di riabilitazione"
171,"K221",2017,"GL","RehaClinic Glarus","Burgstrasse 99","Glarus",1,0,1.31,8.95,3.4,,,,"8750",0,0,1,0,0,0,1,1,0,0,0,0,0,0,0,0,"Rehabilitationsklinik","Clinique de réadaptation","Cliniche di riabilitazione"
172,"K221",2017,"AG","Bad Schinznach AG Privat-Klinik Im Park","Badstrasse 50","Schinznach Bad",1,0,5.18,28.11,31.36,,,,"5116",0,0,1,0,0,0,1,1,0,0,0,0,0,0,0,0,"Rehabilitationsklinik","Clinique de réadaptation","Cliniche di riabilitazione"
173,"K221",2017,"VS","Leukerbad Clinic RZL Rehabilitationszentrum Leukerbad AG","Willy­Spühlerstrasse 2","Leukerbad",1,0,5.64,27.31,23,,,,"3954",0,0,1,0,0,0,1,1,0,0,0,0,0,0,0,0,"Rehabilitationsklinik","Clinique de réadaptation","Cliniche di riabilitazione"
174,"K221",2017,"GR","Zürcher RehaZentrum Davos","Klinikstrasse 6","Davos Clavadel",1,0,16.62,49.23,28.32,,,,"7272",0,0,1,0,0,0,1,1,0,0,0,0,0,0,0,0,"Rehabilitationsklinik","Clinique de réadaptation","Cliniche di riabilitazione"
175,"K221",2017,"VD","Clinique Miremont","Avenue Rollier 21","Leysin",1,0,1.07,41.5,9.56,,,,"1854",0,0,1,0,0,0,1,1,0,0,0,0,0,0,0,0,"Rehabilitationsklinik","Clinique de réadaptation","Cliniche di riabilitazione"
176,"K221",2017,"GR","reha andeer ag Rehabilitationsklinik","Veia Granda","Andeer",1,0,0,7.61,6.09,,,,"7440",0,0,1,0,0,0,1,1,0,0,0,0,0,0,0,0,"Rehabilitationsklinik","Clinique de réadaptation","Cliniche di riabilitazione"
177,"K221",2017,"AI","Hof Weissbad AG Nachbehandlungs-Zentrum","Im Park 1","Weissbad",1,0,2.35,9.36,10.94,,,,"9057",0,0,1,0,0,0,0,1,0,0,0,0,0,0,0,0,"Rehabilitationsklinik","Clinique de réadaptation","Cliniche di riabilitazione"
178,"K221",2017,"ZH","RehaClinic Kilchberg","Grütstrasse 60","Kilchberg ZH",1,0,4.6,16.97,17.75,,,,"8802",0,0,1,0,0,0,1,1,0,0,0,0,0,0,0,0,"Rehabilitationsklinik","Clinique de réadaptation","Cliniche di riabilitazione"
179,"K221",2017,"AG","Rehaklinik Bellikon","Mutschellenstrasse 2","Bellikon",1,0,41.53,112.83,110.56,,,,"5454",0,0,1,0,0,0,1,1,0,0,0,0,0,0,0,0,"Rehabilitationsklinik","Clinique de réadaptation","Cliniche di riabilitazione"
180,"K221",2017,"TI","Clinica Hildebrand Centro di riabilitazione Brissago","Via Crodolo 18","Brissago",1,0,15.17,145.15,87.75,,,,"6614",0,0,1,0,0,0,1,1,0,0,0,0,0,0,0,0,"Rehabilitationsklinik","Clinique de réadaptation","Cliniche di riabilitazione"
181,"K221",2017,"ZG","Klinik Adelheid AG","Höhenweg 71","Unterägeri",1,0,17.91,89.04,46.47,,,,"6314",0,0,1,0,0,0,1,1,0,0,0,0,0,0,0,0,"Rehabilitationsklinik","Clinique de réadaptation","Cliniche di riabilitazione"
182,"K221",2017,"SG","Clinic Bad Ragaz",,"Bad Ragaz",1,0,1,11.49,0.1,,,,"7310",0,0,1,0,0,0,0,1,0,0,0,0,0,0,0,0,"Rehabilitationsklinik","Clinique de réadaptation","Cliniche di riabilitazione"
183,"K221",2017,"BE","Kurklinik Eden AG","Panoramastrasse 20","Oberried am Brienzersee",1,0,1.72,16.54,5.99,,,,"3854",0,0,1,0,0,0,1,1,0,0,0,0,0,0,0,0,"Rehabilitationsklinik","Clinique de réadaptation","Cliniche di riabilitazione"
184,"K221",2017,"BE","Berner Klinik Montana (Stiftung)","Rathausgasse 1","Bern",1,0,9.43,58.98,28.87,,,,"3011",0,0,1,0,0,0,1,1,0,0,0,0,0,0,0,0,"Rehabilitationsklinik","Clinique de réadaptation","Cliniche di riabilitazione"
185,"K221",2017,"VS","Clinique romande de réadaptation SuvaCare (CRR)","Avenue du Grand­Champsec 90","Sion",1,0,33.79,86.2,89.95,,,,"1950",0,0,1,0,0,0,1,1,0,0,0,0,0,0,0,0,"Rehabilitationsklinik","Clinique de réadaptation","Cliniche di riabilitazione"
186,"K221",2017,"GR","Hochgebirgsklinik Davos","Herman­Burchard­Strasse 1","Davos Wolfgang",1,0,19.85,34.53,25.07,1.0027397260274,74.5901639344262,230611,"7265",1,0,1,0,0,0,1,1,0,0,0,0,0,0,0,0,"Rehabilitationsklinik","Clinique de réadaptation","Cliniche di riabilitazione"
187,"K221",2017,"AG","Klinik Barmelweid AG",,"Barmelweid",2,0,34.78,125.09,75.3,9,77.6864535768645,4270467,"5017",1,1,1,0,0,0,1,1,0,0,0,0,0,0,0,0,"Rehabilitationsklinik","Clinique de réadaptation","Cliniche di riabilitazione"
188,"K221",2017,"TG","Rehaklinik Zihlschlacht AG Neurologisches Rehabilitationszentrum","Hauptstrasse 2­4","Zihlschlacht",1,0,17.78,159.39,85.31,,,,"8588",0,0,1,0,0,0,1,1,0,0,0,0,0,0,0,0,"Rehabilitationsklinik","Clinique de réadaptation","Cliniche di riabilitazione"
189,"K221",2017,"GR","Rehabilitationszentrum Seewis Klinik für Herz- & Kreislauferkrankungen","Schlossstrasse 1","Seewis Dorf",1,0,7.57,17.64,10.33,,,,"7212",0,0,1,0,0,0,1,1,0,0,0,0,0,0,0,0,"Rehabilitationsklinik","Clinique de réadaptation","Cliniche di riabilitazione"
190,"K221",2017,"ZH","Zürcher RehaZentrum Wald","Faltigbergstrasse 7","Wald ZH",1,0,26.31,145.81,62.77,,,,"8636",0,0,1,0,0,0,1,1,0,0,0,0,0,0,0,0,"Rehabilitationsklinik","Clinique de réadaptation","Cliniche di riabilitazione"
191,"K221",2017,"BE","Rehaklinik Hasliberg AG","Laueli 89b","Hasliberg Hohfluh",1,0,7.05,35.47,14.13,,,,"6083",0,0,1,0,0,0,0,1,0,0,0,0,0,0,0,0,"Rehabilitationsklinik","Clinique de réadaptation","Cliniche di riabilitazione"
192,"K221",2017,"GL","RehaClinic Braunwald","Niederschlachtstrasse 12","Braunwald",1,0,1.38,7.64,9.64,,,,"8784",0,0,1,0,0,0,1,1,0,0,0,0,0,0,0,0,"Rehabilitationsklinik","Clinique de réadaptation","Cliniche di riabilitazione"
193,"K221",2017,"BS","REHAB Basel","Im Burgfelderhof 40","Basel",1,0,26.84,164.19,79.17,,,,"4055",0,0,1,0,0,0,1,1,0,0,0,0,0,0,0,0,"Rehabilitationsklinik","Clinique de réadaptation","Cliniche di riabilitazione"
194,"K221",2017,"BE","Klinik Schönberg AG","Schönbergstrasse 40","Gunten",1,0,7.9,64.41,22.03,,,,"3654",0,0,1,0,0,0,1,1,0,0,0,0,0,0,0,0,"Rehabilitationsklinik","Clinique de réadaptation","Cliniche di riabilitazione"
195,"K221",2017,"VD","Clinique la Lignière","La Lignière 5","Gland",1,0,10.91,55.06,34.86,,,,"1196",0,1,1,0,0,0,1,1,0,0,0,0,0,0,0,0,"Rehabilitationsklinik","Clinique de réadaptation","Cliniche di riabilitazione"
196,"K221",2017,"LU","RehaClinic Sonnmatt Luzern","Hemschlenstrasse","Luzern",1,0,3.24,18.53,8.5,,,,"6006",0,0,1,0,0,0,1,1,0,0,0,0,0,0,0,0,"Rehabilitationsklinik","Clinique de réadaptation","Cliniche di riabilitazione"
197,"K221",2017,"LU","Cereneo Schweiz AG Neurorehabilitationsklinik","Seestrasse 18","Vitznau",1,0,1.37,13.82,15.75,,,,"6354",0,0,1,0,0,0,1,1,1,0,0,0,0,0,0,0,"Rehabilitationsklinik","Clinique de réadaptation","Cliniche di riabilitazione"
198,"K221",2017,"VD","Institution de Lavigny","Route du Vignoble 60","Lavigny",1,0,5.14,44.27,33.57,,,,"1175",0,0,1,0,0,0,1,1,0,0,0,0,0,0,0,0,"Rehabilitationsklinik","Clinique de réadaptation","Cliniche di riabilitazione"
199,"K221",2017,"VD","Clinique Valmont","Route de Valmont","Glion",1,0,7.45,43.27,15.07,,,,"1823",0,0,1,0,0,0,1,1,0,0,0,0,0,0,0,0,"Rehabilitationsklinik","Clinique de réadaptation","Cliniche di riabilitazione"
200,"K221",2017,"AG","RehaClinic Zurzach","Quellenstrasse 34","Bad Zurzach",3,0,32.68,115,98.96,,,,"5330",0,0,1,0,0,0,1,1,0,0,0,0,0,0,0,0,"Rehabilitationsklinik","Clinique de réadaptation","Cliniche di riabilitazione"
201,"K221",2017,"BE","Fürsorgeverein Bethesda",,"Tschugg",1,0,13.75,116.98,56.54,12,75.1369863013699,3619388,"3233",1,0,1,0,0,0,1,1,0,0,0,0,0,0,0,0,"Rehabilitationsklinik","Clinique de réadaptation","Cliniche di riabilitazione"
202,"K221",2017,"AR","Klinik Gais AG Kardiale Rehabilitation, Psychosomatik und Psychotherapie","Gäbrisstrasse 1172","Gais",1,0,17.82,16.76,29.6,,,,"9056",0,1,1,0,0,0,1,1,0,0,0,0,0,0,0,0,"Rehabilitationsklinik","Clinique de réadaptation","Cliniche di riabilitazione"
203,"K221",2017,"LU","Luzerner Höhenklinik Montana","Route de l'Astoria 2","Crans-Montana",1,0,9.64,43,19.29,0,,0,"3963",1,0,1,0,0,0,1,1,0,0,0,0,0,0,0,0,"Rehabilitationsklinik","Clinique de réadaptation","Cliniche di riabilitazione"
204,"K221",2017,"VD","Clinique Bois-Bougy Sàrl","Avenue de Bois­Bougy 5","Nyon",1,0,4.15,40.52,13.47,,,,"1260",0,0,1,0,0,0,1,1,0,0,0,0,0,0,0,0,"Rehabilitationsklinik","Clinique de réadaptation","Cliniche di riabilitazione"
205,"K221",2017,"VD","Hôpital de Lavaux","Chemin des Colombaires 31","Cully",1,0,8.13,81.24,16.97,,,,"1096",0,0,1,0,0,0,1,1,0,0,0,0,0,0,0,0,"Rehabilitationsklinik","Clinique de réadaptation","Cliniche di riabilitazione"
206,"K221",2017,"BE","Berner Reha Zentrum AG","Schwendi 303","Heiligenschwendi",1,0,28.75,132.02,49.64,,,,"3625",0,0,1,0,0,0,1,1,0,0,0,0,0,0,0,0,"Rehabilitationsklinik","Clinique de réadaptation","Cliniche di riabilitazione"
207,"K231",2017,"BL","Praxisklinik Rennbahn AG","Kriegackerstrasse 100","Muttenz",1,2,17.83,19.85,46.32,13.5616438356164,96.2828282828283,11670458,"4132",1,0,0,0,0,0,1,1,0,0,0,0,0,0,0,0,"Spezialklinik: Chirurgie","Clinique spécialisée : Chirurgie","Cliniche specializzate: chirurgia"
208,"K231",2017,"BS","Merian Iselin Klinik","Föhrenstrasse 2","Basel",1,9,16.42,178.27,74.98,83,85.4431424327447,79348569,"4054",1,0,0,0,0,0,1,1,1,1,0,0,0,0,1,0,"Spezialklinik: Chirurgie","Clinique spécialisée : Chirurgie","Cliniche specializzate: chirurgia"
209,"K231",2017,"VS","Clinique CIC Valais SA","Route du Léman 29","Saxon",1,4,0,28.35,11.21,27.1232876712329,43.3737373737374,13868929,"1907",1,0,0,0,0,0,1,1,0,0,0,0,0,0,0,0,"Spezialklinik: Chirurgie","Clinique spécialisée : Chirurgie","Cliniche specializzate: chirurgia"
210,"K231",2017,"BE","Klinik Hohmad AG","Hohmadstrasse 1","Thun",1,3,4.1,24.6,6.45,12.4109589041096,80.1766004415011,12012679,"3600",1,0,0,0,0,0,1,1,0,0,0,0,0,0,0,0,"Spezialklinik: Chirurgie","Clinique spécialisée : Chirurgie","Cliniche specializzate: chirurgia"
211,"K231",2017,"GE","Clinique la Colline","Avenue de Beau­Séjour 6","Genève",1,6,8.67,150.25,7.24,67,66.1337149867103,49511482,"1206",1,0,0,0,1,0,1,1,0,0,0,0,0,0,0,0,"Spezialklinik: Chirurgie","Clinique spécialisée : Chirurgie","Cliniche specializzate: chirurgia"
212,"K231",2017,"SH","Hirslanden Klinik Belair","Rietstrasse 30","Schaffhausen",2,2,5.14,49.86,3.71,28,57.426614481409,15596494,"8200",1,0,0,0,0,0,1,1,0,0,0,0,0,0,0,0,"Spezialklinik: Chirurgie","Clinique spécialisée : Chirurgie","Cliniche specializzate: chirurgia"
213,"K231",2017,"GE","Clinique de la Plaine","Rue Charles­Humbert 5","Genève",1,2,0.94,13.22,0,6.93150684931507,20.5138339920949,1378854,"1205",1,0,0,0,0,0,1,1,0,0,0,0,0,0,0,0,"Spezialklinik: Chirurgie","Clinique spécialisée : Chirurgie","Cliniche specializzate: chirurgia"
214,"K231",2017,"ZH","Privatklinik Lindberg","Schickstrasse 11","Winterthur",1,4,0,44.33,16.07,68,23.4206285253828,25319205,"8400",1,0,0,0,0,0,1,1,0,0,0,0,0,0,0,0,"Spezialklinik: Chirurgie","Clinique spécialisée : Chirurgie","Cliniche specializzate: chirurgia"
215,"K231",2017,"AR","Hirslanden Klinik Am Rosenberg AG","Hasenbühlstrasse 11","Heiden",1,5,5.42,63.24,25.92,38.6986301369863,63.8230088495575,28688725,"9410",1,0,0,0,0,0,1,1,0,0,0,0,0,0,0,0,"Spezialklinik: Chirurgie","Clinique spécialisée : Chirurgie","Cliniche specializzate: chirurgia"
216,"K231",2017,"AR","Berit Paracelsus-Klinik AG","Vögelinsegg 5","Speicher",1,6,4.19,89.55,37.77,60.1753424657534,100,51489966,"9042",1,0,1,0,0,0,1,1,0,0,0,0,0,0,0,0,"Spezialklinik: Chirurgie","Clinique spécialisée : Chirurgie","Cliniche specializzate: chirurgia"
217,"K231",2017,"BL","Hirslanden Klinik Birshof","Reinacherstrasse 28","Münchenstein",1,5,9.76,71.99,44.68,48,70.3310502283105,31791716,"4142",1,0,0,0,1,0,1,1,1,1,0,0,0,0,0,0,"Spezialklinik: Chirurgie","Clinique spécialisée : Chirurgie","Cliniche specializzate: chirurgia"
218,"K231",2017,"LU","Hirslanden Klinik St. Anna AG Hirslanden Klinik Meggen","Huobmattstrasse 9","Meggen",1,3,4.8,22.5,8.76,18.4109589041096,54.8660714285714,13791499,"6045",1,0,0,0,0,0,1,1,0,0,0,0,0,0,0,0,"Spezialklinik: Chirurgie","Clinique spécialisée : Chirurgie","Cliniche specializzate: chirurgia"
219,"K231",2017,"BE","Siloah AG","Worbstrasse 316","Gümligen",1,5,52.14,154.43,65.21,70.3287671232877,85.2473704713674,40357751,"3073",1,0,1,0,1,0,1,1,0,0,0,0,0,0,0,0,"Spezialklinik: Chirurgie","Clinique spécialisée : Chirurgie","Cliniche specializzate: chirurgia"
220,"K231",2017,"GR","Klinik Gut St. Moritz AG","Via Arona 34","St. Moritz",2,4,25.85,57.22,17.75,28.1287671232877,85.0004869971754,27538516,"7500",1,0,0,0,1,0,1,1,1,0,0,0,0,0,0,0,"Spezialklinik: Chirurgie","Clinique spécialisée : Chirurgie","Cliniche specializzate: chirurgia"
221,"K231",2017,"VS","Clinique médico-chirurgicale de Valère SA","Rue de Pré­Fleuri 16","Sion",1,4,1.59,55.23,14.34,40,50.2191780821918,21853074,"1950",1,0,0,0,0,0,1,1,0,0,0,0,0,0,0,0,"Spezialklinik: Chirurgie","Clinique spécialisée : Chirurgie","Cliniche specializzate: chirurgia"
222,"K231",2017,"NE","GSMN Neuchâtel SA","Faubourg de l'Hôpital 81","Neuchâtel",3,7,0.79,113.95,31.61,79.1232876712329,42.4307479224377,33065627,"2001",1,0,0,0,1,0,1,1,0,0,0,0,0,0,0,1,"Spezialklinik: Chirurgie","Clinique spécialisée : Chirurgie","Cliniche specializzate: chirurgia"
223,"K231",2017,"NE","Clinique de la Tour SA","Rue des Musées 58","La Chaux­de­Fonds",1,2,0,5.7,5.5,0.931506849315068,72.9411764705882,527897,"2300",1,0,0,0,0,0,1,1,0,0,0,0,0,0,0,0,"Spezialklinik: Chirurgie","Clinique spécialisée : Chirurgie","Cliniche specializzate: chirurgia"
224,"K231",2017,"TG","Venenklinik Bellevue AG","Brückenstrasse 9","Kreuzlingen",1,2,4.6,8.44,2.69,4.2,90.9328114807567,2953647,"8280",1,0,0,0,0,0,1,1,0,0,0,0,0,0,0,0,"Spezialklinik: Chirurgie","Clinique spécialisée : Chirurgie","Cliniche specializzate: chirurgia"
225,"K231",2017,"FR","Clinique Générale - Ste-Anne SA","Rue Hans­Geiler 6","Fribourg",1,4,0,61.26,22.9,52.6027397260274,60.0104166666667,34664187,"1700",1,0,0,0,0,0,1,1,0,0,0,0,0,0,0,0,"Spezialklinik: Chirurgie","Clinique spécialisée : Chirurgie","Cliniche specializzate: chirurgia"
226,"K231",2017,"SG","Rosenklinik AG","Güterstrasse 21/23","Rapperswil-Jona",1,2,5.13,13.85,5.35,13.6931506849315,43.0772308923569,8130628,"8640",1,0,0,0,0,0,1,1,0,0,0,0,0,0,0,0,"Spezialklinik: Chirurgie","Clinique spécialisée : Chirurgie","Cliniche specializzate: chirurgia"
227,"K231",2017,"ZH","Adus Medica AG","Breitestrasse 11","Dielsdorf",1,3,0,10,4.25,12.986301369863,30.464135021097,5660156,"8157",1,0,0,0,0,0,1,1,0,0,0,0,0,0,0,0,"Spezialklinik: Chirurgie","Clinique spécialisée : Chirurgie","Cliniche specializzate: chirurgia"
228,"K231",2017,"ZH","Klinik Pyramide am See AG","Bellerivestrasse 34","Zürich",1,5,0.86,24.97,7.94,20.4821917808219,63.6035313001605,17580853,"8008",1,0,0,0,0,0,1,1,0,0,0,0,0,0,0,0,"Spezialklinik: Chirurgie","Clinique spécialisée : Chirurgie","Cliniche specializzate: chirurgia"
229,"K231",2017,"ZH","Limmatklinik AG","Hardturmstrasse 133","Zürich",1,4,0,25.01,5.21,8.59178082191781,93.6224489795918,13569451,"8005",1,0,0,0,0,0,1,1,0,0,0,0,0,0,0,0,"Spezialklinik: Chirurgie","Clinique spécialisée : Chirurgie","Cliniche specializzate: chirurgia"
230,"K231",2017,"GE","Nouvelle Clinique Vert-Pré","Chemin de la Colombe 15","Conches",1,3,0,13.58,1.6,16,13.7157534246575,2689050,"1231",1,0,0,0,0,0,1,1,0,0,0,0,0,0,0,0,"Spezialklinik: Chirurgie","Clinique spécialisée : Chirurgie","Cliniche specializzate: chirurgia"
231,"K231",2017,"GE","Clinique de Carouge","Avenue Cardinal­Mermillod 1","Carouge GE",1,1,14.78,40.46,1.7,15,28.5662100456621,3364456,"1227",1,0,0,0,1,1,1,1,0,0,0,0,0,0,0,0,"Spezialklinik: Chirurgie","Clinique spécialisée : Chirurgie","Cliniche specializzate: chirurgia"
232,"K231",2017,"ZH","Klinik Tiefenbrunnen AG","Dammstrasse 29","Zollikon",1,1,0,2.35,2.11,0.884931506849315,31.2693498452012,652941,"8702",1,0,0,0,0,0,1,1,0,0,0,0,0,0,0,0,"Spezialklinik: Chirurgie","Clinique spécialisée : Chirurgie","Cliniche specializzate: chirurgia"
233,"K231",2017,"VD","Clinique CIC Riviera","Rue du Lac 92","Clarens",1,5,1,30.13,12.53,35.2602739726027,32.3076923076923,15345315,"1815",1,0,0,0,0,0,1,1,0,0,0,0,0,0,0,0,"Spezialklinik: Chirurgie","Clinique spécialisée : Chirurgie","Cliniche specializzate: chirurgia"
234,"K231",2017,"ZH","Schulthess Klinik","Lengghalde 2","Zürich",3,10,124.78,284.87,173.86,166.479452054795,75.1007981568337,140824713,"8008",1,0,0,0,0,0,1,1,0,0,0,0,0,0,0,0,"Spezialklinik: Chirurgie","Clinique spécialisée : Chirurgie","Cliniche specializzate: chirurgia"
235,"K231",2017,"ZH","Universitätsklinik Balgrist","Forchstrasse 340","Zürich",1,6,124.18,274.9,171.1,84,85.7534246575343,75927110,"8008",1,0,1,0,0,0,1,1,1,1,0,0,0,0,0,0,"Spezialklinik: Chirurgie","Clinique spécialisée : Chirurgie","Cliniche specializzate: chirurgia"
236,"K231",2017,"TG","Herz-Neuro-Zentrum Bodensee AG","Weinbergstrasse 1","Kreuzlingen",1,2,29.67,65.93,30.81,33.0904109589041,81.1889385659877,33234607,"8280",1,0,0,0,1,0,1,1,0,0,0,0,0,0,1,0,"Spezialklinik: Chirurgie","Clinique spécialisée : Chirurgie","Cliniche specializzate: chirurgia"
237,"K231",2017,"TI","GSMN Ticino SA - Ars Medica","Via Grumo 16","Gravesano",1,5,0.4,81.39,31.97,70,45.4637964774951,36230917,"6929",1,0,0,0,1,0,1,1,1,1,0,0,0,0,1,0,"Spezialklinik: Chirurgie","Clinique spécialisée : Chirurgie","Cliniche specializzate: chirurgia"
238,"K231",2017,"ZH","Uroviva Klinik AG","Zürichstrasse 5","Bülach",1,2,0,17.94,6.08,14.7671232876712,70.0185528756957,11879099,"8180",1,0,0,0,0,0,1,1,0,0,0,0,0,0,0,0,"Spezialklinik: Chirurgie","Clinique spécialisée : Chirurgie","Cliniche specializzate: chirurgia"
239,"K231",2017,"VD","Clinique de Montchoisi","Chemin des Allinges 10","Lausanne",1,4,0,31.9,17.11,22,31.2951432129514,10191216,"1006",1,0,0,0,0,0,1,1,1,1,0,0,0,0,0,0,"Spezialklinik: Chirurgie","Clinique spécialisée : Chirurgie","Cliniche specializzate: chirurgia"
240,"K231",2017,"ZH","Eulachklinik AG","Brunngasse 6","Winterthur",1,2,0,0.72,2.29,1.98082191780822,0.4149377593361,175317,"8400",1,0,0,0,0,0,1,1,0,0,0,0,0,0,0,0,"Spezialklinik: Chirurgie","Clinique spécialisée : Chirurgie","Cliniche specializzate: chirurgia"
241,"K231",2017,"TG","Klinik Seeschau AG","Bernrainstrasse 17","Kreuzlingen",1,3,2,38.18,3.13,26,78.0189673340358,23506584,"8280",1,0,0,0,1,0,1,1,0,1,0,0,0,0,0,0,"Spezialklinik: Chirurgie","Clinique spécialisée : Chirurgie","Cliniche specializzate: chirurgia"
242,"K232",2017,"ZH","Geburtshaus Delphys","Badenerstrasse 177","Zürich",1,0,0,2.55,0,,,,"8003",0,0,0,1,0,0,1,1,0,0,0,0,0,0,0,0,"Spezialklinik: Gynäkologie / Neonatologie","Clinique spécialisée : Gynécologie/néonatologie","Cliniche specializzate: ginecologia/neonatologia"
243,"K232",2017,"BE","Geburtshaus Maternité Alpine","Eggetlistrasse 5a","Zweisimmen",1,0,0,6.76,0,,,,"3770",0,0,0,1,0,0,1,1,0,0,0,0,0,0,0,0,"Spezialklinik: Gynäkologie / Neonatologie","Clinique spécialisée : Gynécologie/néonatologie","Cliniche specializzate: ginecologia/neonatologia"
244,"K232",2017,"ZH","Geburtshaus Zürcher Oberland AG","Schürlistrasse 3","Bäretswil",1,0,0,14.09,0,,,,"8344",0,0,0,1,0,0,1,1,0,0,0,0,0,0,0,0,"Spezialklinik: Gynäkologie / Neonatologie","Clinique spécialisée : Gynécologie/néonatologie","Cliniche specializzate: ginecologia/neonatologia"
245,"K232",2017,"GE","Maison de naissance La Roseraie","Chemin du Châtelet 3","Genève",1,0,0,0,0,,,,"1205",0,0,0,1,0,0,1,1,0,0,0,0,0,0,0,0,"Spezialklinik: Gynäkologie / Neonatologie","Clinique spécialisée : Gynécologie/néonatologie","Cliniche specializzate: ginecologia/neonatologia"
246,"K232",2017,"BE","Geburtshaus Luna AG","Brüggstrasse 111","Biel",2,0,0.01,9.97,0.03,,,,"2503",0,0,0,1,0,0,1,1,0,0,0,0,0,0,0,0,"Spezialklinik: Gynäkologie / Neonatologie","Clinique spécialisée : Gynécologie/néonatologie","Cliniche specializzate: ginecologia/neonatologia"
247,"K232",2017,"LU","Geburtshaus Terra Alta","Schellenrain 20","Oberkirch LU",1,0,0,14.64,0.15,,,,"6208",0,0,0,1,0,0,1,1,0,0,0,0,0,0,0,0,"Spezialklinik: Gynäkologie / Neonatologie","Clinique spécialisée : Gynécologie/néonatologie","Cliniche specializzate: ginecologia/neonatologia"
248,"K232",2017,"BL","Geburtshaus ambra GmbH","Unterdorfstrasse 25","Wittinsburg",1,0,0,4.33,0,,,,"4443",0,0,0,1,0,0,1,1,0,0,0,0,0,0,0,0,"Spezialklinik: Gynäkologie / Neonatologie","Clinique spécialisée : Gynécologie/néonatologie","Cliniche specializzate: ginecologia/neonatologia"
249,"K232",2017,"NE","Maison de Naissance Tilia Sàrl","Chemin des Valangines 9","Neuchâtel",1,0,0,0.23,0,,,,"2000",0,0,0,1,0,0,1,1,0,0,0,0,0,0,0,0,"Spezialklinik: Gynäkologie / Neonatologie","Clinique spécialisée : Gynécologie/néonatologie","Cliniche specializzate: ginecologia/neonatologia"
250,"K232",2017,"JU","Maison de naissance Les Cigognes","Route Principale 21","Vicques",1,0,0,0,0,,,,"2824",0,0,0,1,0,0,1,1,0,0,0,0,0,0,0,0,"Spezialklinik: Gynäkologie / Neonatologie","Clinique spécialisée : Gynécologie/néonatologie","Cliniche specializzate: ginecologia/neonatologia"
251,"K232",2017,"AG","Geburtshus Storchenäscht AG","Hendschikerstrasse 12","Othmarsingen",1,0,0,10.12,0,,,,"5504",0,0,0,1,0,0,1,1,0,0,0,0,0,0,0,0,"Spezialklinik: Gynäkologie / Neonatologie","Clinique spécialisée : Gynécologie/néonatologie","Cliniche specializzate: ginecologia/neonatologia"
252,"K232",2017,"AG","Klinik Villa im Park AG","Bernstrasse 84","Rothrist",1,2,0,40.69,9.46,32,39.708904109589,13477983,"4852",1,0,0,0,0,0,1,1,0,0,0,0,0,0,0,0,"Spezialklinik: Gynäkologie / Neonatologie","Clinique spécialisée : Gynécologie/néonatologie","Cliniche specializzate: ginecologia/neonatologia"
253,"K232",2017,"BL","Ita Wegman Geburtshaus","Pfeffingerweg 1","Arlesheim",1,0,0,0,0,,,,"4144",0,0,0,1,0,0,0,1,0,0,0,0,0,0,0,0,"Spezialklinik: Gynäkologie / Neonatologie","Clinique spécialisée : Gynécologie/néonatologie","Cliniche specializzate: ginecologia/neonatologia"
254,"K232",2017,"NW","Geburtshaus Stans","Rosenweg 3","Stans",1,0,0,3.49,0,,,,"6370",0,0,0,1,0,0,1,1,0,0,0,0,0,0,0,0,"Spezialklinik: Gynäkologie / Neonatologie","Clinique spécialisée : Gynécologie/néonatologie","Cliniche specializzate: ginecologia/neonatologia"
255,"K232",2017,"FR","Maison de Naissance le Petit Prince","Route du Petit­Moncor 1d","Villars­sur­Glâne",1,0,0,2.74,0,,,,"1752",0,0,0,1,0,0,1,1,0,0,0,0,0,0,0,0,"Spezialklinik: Gynäkologie / Neonatologie","Clinique spécialisée : Gynécologie/néonatologie","Cliniche specializzate: ginecologia/neonatologia"
256,"K232",2017,"BL","Geburtshaus Tagmond GmbH","Hauptstrasse 26","Pratteln",1,0,0,2.74,0,,,,"4133",0,0,0,1,0,0,1,1,0,0,0,0,0,0,0,0,"Spezialklinik: Gynäkologie / Neonatologie","Clinique spécialisée : Gynécologie/néonatologie","Cliniche specializzate: ginecologia/neonatologia"
257,"K232",2017,"BS","Geburtshaus Basel","Schweizergasse 8","Basel",1,0,0,0,0,,,,"4054",0,0,0,1,0,0,1,1,0,0,0,0,0,0,0,0,"Spezialklinik: Gynäkologie / Neonatologie","Clinique spécialisée : Gynécologie/néonatologie","Cliniche specializzate: ginecologia/neonatologia"
258,"K233",2017,"ZH","Universitäts-Kinderspital Zürich das Spital der Eleonorenstiftung","Steinwiesstrasse 75","Zürich",2,5,302.29,683.98,321.23,167.128767123288,75.6499786892233,139368976,"8032",1,1,1,0,1,1,1,1,1,1,0,0,0,0,1,1,"Spezialklinik: Pädiatrie","Clinique spécialisée : Pédiatrie","Cliniche specializzate: pediatria"
259,"K233",2017,"SG","Ostschweizer Kinderspital","Claudiusstrasse 6","St. Gallen",2,3,85.25,272.69,60.12,74,81.7289892632358,51131841,"9006",1,1,0,0,1,1,1,1,0,1,0,0,0,0,0,0,"Spezialklinik: Pädiatrie","Clinique spécialisée : Pédiatrie","Cliniche specializzate: pediatria"
260,"K233",2017,"BS","Universitäts-Kinderspital beider Basel (UKBB)","Spitalstrasse 33","Basel",1,4,157.55,411.82,88.5,118.501369863014,72.873557903498,79124383,"4056",1,0,0,0,1,1,1,1,1,1,0,0,0,0,0,0,"Spezialklinik: Pädiatrie","Clinique spécialisée : Pédiatrie","Cliniche specializzate: pediatria"
261,"K234",2017,"SG","Geriatrische Klinik St. Gallen","Rorschacher Strasse 94","St. Gallen",1,0,21.41,118.66,32.61,87,83.8954495355062,24746934,"9000",1,0,0,0,0,0,1,1,0,0,0,0,0,0,0,0,"Spezialklinik: Geriatrie","Clinique spécialisée : Gériatrie","Cliniche specializzate: geriatria"
262,"K234",2017,"BS","Adullam-Stiftung Basel Adullam-Geriatriespital","Mittlere Strasse 15","Basel",2,0,27.46,130.28,27,,,,"4056",0,0,1,0,0,0,1,1,0,0,0,0,0,0,0,0,"Spezialklinik: Geriatrie","Clinique spécialisée : Gériatrie","Cliniche specializzate: geriatria"
263,"K234",2017,"BS","Felix Platter-Spital","Burgfelderstrasse 101","Basel",2,0,55.94,306.12,108.37,,,,"4055",0,0,1,0,0,0,1,1,0,1,0,0,0,0,0,0,"Spezialklinik: Geriatrie","Clinique spécialisée : Gériatrie","Cliniche specializzate: geriatria"
264,"K235",2017,"VD","Fondation Rive-Neuve Unité de Soins Palliatifs","Chemin des Cuarroz 57","Blonay",1,0,1.4,28.83,1.22,,,,"1807",0,0,1,0,0,0,0,1,0,0,0,0,0,0,0,0,"Spezialklinik: Diverse","Clinique spécialisée : Divers","Cliniche specializzate: altre"
265,"K235",2017,"SO","Pallas Kliniken AG","Louis-Giroud­Strasse 20","Olten",1,4,4.25,35.71,13.22,10.2191780821918,85.3351206434316,13088802,"4600",1,0,0,0,0,0,1,1,0,0,0,0,0,0,0,0,"Spezialklinik: Diverse","Clinique spécialisée : Divers","Cliniche specializzate: altre"
266,"K235",2017,"AG","Klinik für Schlafmedizin","Badstrasse 33","Bad Zurzach",1,0,2.4,5.95,6.41,,,,"5330",0,1,0,0,0,0,1,1,0,0,0,0,0,0,0,0,"Spezialklinik: Diverse","Clinique spécialisée : Divers","Cliniche specializzate: altre"
267,"K235",2017,"VD","Clinique la Prairie SA","Rue du Lac 142","Clarens",1,2,0,37.16,24.92,28.0657534246575,100,36217998,"1815",1,0,0,0,0,0,1,1,1,1,0,0,0,0,0,0,"Spezialklinik: Diverse","Clinique spécialisée : Divers","Cliniche specializzate: altre"
268,"K235",2017,"BL","Ergolz-Klinik","Hammerstrasse 35","Liestal",1,2,1.29,6.85,5.58,18.9287671232877,41.1058040237372,7844301,"4410",1,0,0,0,1,0,1,1,0,0,0,0,0,0,0,0,"Spezialklinik: Diverse","Clinique spécialisée : Divers","Cliniche specializzate: altre"
269,"K235",2017,"VD","Biotonus, Clinique Bon-Port SA centre de soins médicaux & esthétiques","Rue Bon-Port 27","Montreux",1,0,2.35,14.24,7.14,30,35.8356164383562,3943376,"1820",1,0,0,0,0,0,0,1,0,0,0,0,0,0,0,0,"Spezialklinik: Diverse","Clinique spécialisée : Divers","Cliniche specializzate: altre"
270,"K235",2017,"VD","Hôpital Ophtalmique Jules Gonin Fondation Asile des Aveugles","Avenue de France 15","Lausanne",1,4,53.89,71.95,49.22,8.26027397260274,76.1857379767827,8517317,"1004",1,0,0,0,1,0,1,1,0,0,0,0,0,0,1,0,"Spezialklinik: Diverse","Clinique spécialisée : Divers","Cliniche specializzate: altre"
271,"K235",2017,"BS","Palliativzentrum Hildegard","St. Alban­Ring 151","Basel",1,0,4.94,34.49,3.21,23,72.9124478856462,9088631,"4052",1,0,0,0,0,0,0,1,0,0,0,0,0,0,0,0,"Spezialklinik: Diverse","Clinique spécialisée : Divers","Cliniche specializzate: altre"
272,"K235",2017,"BS","Schmerzklinik Basel AG","Hirschgässlein 11","Basel",1,2,10.85,14.95,14.31,13.972602739726,47.9803921568627,3440533,"4051",1,0,0,0,0,0,1,1,0,1,0,0,0,0,0,0,"Spezialklinik: Diverse","Clinique spécialisée : Divers","Cliniche specializzate: altre"
273,"K235",2017,"ZH","Klinik Susenberg","Schreberweg 9","Zürich",1,0,6.8,40.43,9.66,14,73.8356164383562,4343591,"8044",1,0,1,0,0,0,1,1,0,0,0,0,0,0,0,0,"Spezialklinik: Diverse","Clinique spécialisée : Divers","Cliniche specializzate: altre"
274,"K235",2017,"LU","Schweizer Paraplegiker-Zentrum Nottwil AG","Guido A. Zäch Strasse 1","Nottwil",1,3,74.21,364.56,152.62,53,81.540449728612,40339731,"6207",1,0,1,0,0,1,1,1,1,1,0,0,0,0,0,0,"Spezialklinik: Diverse","Clinique spécialisée : Divers","Cliniche specializzate: altre"
275,"K235",2017,"ZH","Klinik Lengg AG","Bleulerstrasse 60","Zürich",1,0,27.25,85.69,94.15,20,79.4109589041096,15051672,"8008",1,0,1,0,1,0,1,1,0,0,0,0,0,0,0,0,"Spezialklinik: Diverse","Clinique spécialisée : Divers","Cliniche specializzate: altre"
276,"K235",2017,"TI","Clinica Dr Spinedi c/o Clinica Santa Croce","Via al Parco 27","Orselina",1,0,4.16,1.99,0,15,54.9954337899543,1579423,"6644",1,0,0,0,0,0,0,1,0,0,0,0,0,0,0,0,"Spezialklinik: Diverse","Clinique spécialisée : Divers","Cliniche specializzate: altre"
277,"K235",2017,"SG","Klinik St. Georg Goldach AG","Klosterstrasse 19","Goldach",1,2,2.58,18.4,7.04,10.1260273972603,27.0021645021645,5449242,"9403",1,0,0,0,0,0,1,1,1,0,0,0,0,0,0,0,"Spezialklinik: Diverse","Clinique spécialisée : Divers","Cliniche specializzate: altre"
278,"K235",2017,"ZH","Sune-Egge","Konradstrasse 62","Zürich",1,0,4.69,22.76,5.51,25,84.6575342465753,5809449,"8005",1,0,0,0,0,0,1,1,0,0,0,0,0,0,0,0,"Spezialklinik: Diverse","Clinique spécialisée : Divers","Cliniche specializzate: altre"
279,"K235",2017,"BL","Hospiz im Park","Stollenrain 12","Arlesheim",1,0,2.64,12.48,0,8,76.3356164383562,3285486,"4144",1,0,0,0,0,0,1,1,0,0,0,0,0,0,0,0,"Spezialklinik: Diverse","Clinique spécialisée : Divers","Cliniche specializzate: altre"
280,"K235",2017,"BL","Vista Klinik","Hauptstrasse 55","Binningen",1,4,4.24,7.01,0,6.58904109589041,33.3056133056133,3720775,"4102",1,0,0,0,0,0,0,1,0,0,0,0,0,0,0,0,"Spezialklinik: Diverse","Clinique spécialisée : Divers","Cliniche specializzate: altre"
281,"K235",2017,"SG","Thurklinik AG","Bahnhofstrasse 123a","Niederuzwil",1,2,0.1,9.76,3.49,7.92602739726027,60.4217075699965,5077093,"9244",1,0,0,0,1,0,1,1,0,0,0,0,0,0,0,0,"Spezialklinik: Diverse","Clinique spécialisée : Divers","Cliniche specializzate: altre"
